"","year","time.oa","launches.oa","satellites.oa","debris.oa","runaway.oa","kessler.oa","fleet_flowv.oa","fleet_pv.oa","fleet_vfn_path.oa","collision_rate.oa","returns.oa","costs.oa","start_time.oa","R_frac.oa","R_start_year.oa","time.opt","launches.opt","satellites.opt","debris.opt","runaway.opt","kessler.opt","fleet_flowv.opt","fleet_pv.opt","fleet_vfn_path.opt","collision_rate.opt","returns.opt","costs.opt","start_time.opt","R_frac.opt","R_start_year.opt","X","payloads_in_orbit","launch_successes","payloads_decayed","launch_failures","num_destr_asat","num_destr_satsat","num_destr_debsat","debris","risk.x","tot_rev","tot_cost","r_s","r_s_raw","risk.y","share_in_LEO","Ft_Ft","implied_r"
"49",2006,1,15.400220858736,1431,4019,"no","no",1388.52914673455,1388.52914673455,9935.81198789775,2.78544014770515,1,2.75780806360023,0,0,2029,1,0,1431,4019,"no","no",1431,1431,24863.0325062133,2.78544014770515,1,2.75780806360023,0,0,2029,49,1881,43,18,21,0,0,0,4019,4.1071734234289,70.44,161.019,0.437463901775567,0.437463901775567,0.00218350527561345,0.449275362318841,1.20646016903435,0.435280396499953
"50",2006,1,15.400220858736,1431,4019,"no","no",1388.52914673455,1388.52914673455,9935.81198789775,2.78544014770515,1,2.75780806360023,0,0,2029,1,0,4775.94173319265,8548359.19384211,"yes","no",4775.94173319265,4775.94173319265,-2731657.64802583,962.674043878193,1,2.75780806360023,-1,0,2029,49,1881,43,18,21,0,0,0,4019,4.1071734234289,70.44,161.019,0.437463901775567,0.437463901775567,0.00218350527561345,0.449275362318841,1.20646016903435,0.435280396499953
"51",2007,2,0,1846.17486290528,3622.16029109262,"yes","no",1936.07236119837,1843.87843923654,12230.2908709756,4.56115299763868,1.04869392390687,1.98367404883589,0,0,2029,2,7.9550872422729e-07,1830.77464204654,3554.70798113581,"yes","no",1919.92224157896,1828.49737293234,24743.105268843,4.48367936219622,1.04869392390687,1.98367404883589,0,0,2029,50,1918,59,22,6,1,0,0,6542,4.7396772164971,73.868,185.503,0.39820380263392,0.39820380263392,0.00247115600443019,0.574468085106383,1.15205658959502,0.395732646629489
"52",2007,2,0,1846.17486290528,3622.16029109262,"yes","no",1936.07236119837,1843.87843923654,12230.2908709756,4.56115299763868,1.04869392390687,1.98367404883589,0,0,2029,2,65,4136.60527399003,9155906.34067807,"no","no",4209.09400326013,4008.66095548583,-2394894.23652316,882.119003885399,1.04869392390687,1.98367404883589,-1,0,2029,50,1918,59,22,6,1,0,0,6542,4.7396772164971,73.868,185.503,0.39820380263392,0.39820380263392,0.00247115600443019,0.574468085106383,1.15205658959502,0.395732646629489
"53",2008,3,0,2230.44222665585,4453.88523513791,"yes","no",2707.30849487614,2455.60861213255,14727.8046908832,6.66021459203999,1.21379897785349,1.98353208404316,0,0,2029,3,65,3661.38447259202,9076361.30586943,"no","no",4315.25514489803,3914.06362349028,-3382041.21059996,773.135216604271,1.21379897785349,1.98353208404316,-1,0,2029,51,1957,59,20,6,1,0,0,6933,5.08921643427632,85.504,169.996,0.502976540624485,0.502976540624485,0.00260051938389183,0.517647058823529,0.916405664598416,0.500376021240594
"54",2008,3,0,2230.44222665585,4453.88523513791,"yes","no",2707.30849487614,2455.60861213255,14727.8046908832,6.66021459203999,1.21379897785349,1.98353208404316,0,0,2029,3,8.74449470167349e-05,2215.62844427959,4374.91639995418,"yes","no",2689.32736751984,2439.29919956448,24088.7980170806,6.56930985095576,1.21379897785349,1.98353208404316,0,0,2029,51,1957,59,20,6,1,0,0,6933,5.08921643427632,85.504,169.996,0.502976540624485,0.502976540624485,0.00260051938389183,0.517647058823529,0.916405664598416,0.500376021240594
"55",2009,4,0.371059665411963,2599.9163347099,5891.60159939184,"yes","no",3434.23124816924,2966.61807422027,17095.14611216,9.09371484701515,1.32112436115843,1.56729131175468,0,0,2029,4,5.18949925449874e-05,2585.6825831589,5795.21766764025,"yes","no",3416.00816949971,2950.87629370453,22581.9182118693,8.99027072530356,1.32112436115843,1.56729131175468,0,0,2029,52,2008,72,21,5,0,1,0,9175,5.76191251482962,93.055,137.815,0.675216776112905,0.675216776112905,0.00286947834403866,0.591836734693878,0.810695545777548,0.672347297768866
"56",2009,4,0.371059665411963,2599.9163347099,5891.60159939184,"yes","no",3434.23124816924,2966.61807422027,17095.14611216,9.09371484701515,1.32112436115843,1.56729131175468,0,0,2029,4,77,3307.31247508786,8491913.3109305,"no","no",4248.68964979665,3670.17786398588,-2886067.81328656,657.812492237071,1.32112436115843,1.56729131175468,-1,0,2029,52,2008,72,21,5,0,1,0,9175,5.76191251482962,93.055,137.815,0.675216776112905,0.675216776112905,0.00286947834403866,0.591836734693878,0.810695545777548,0.672347297768866
"57",2010,5,0.0234270077484098,2955.13629320093,7537.68177685209,"yes","no",4258.55247633469,3503.52166131164,19485.6070261096,11.8089700155052,1.44108461101647,2.08986371379898,0,0,2029,5,1.96451371436979e-05,2941.10433368618,7415.75237133676,"yes","no",4238.38015361334,3486.92584148649,20313.8610191505,11.6907387273065,1.44108461101647,2.08986371379898,0,0,2029,53,2033,60,35,6,0,0,0,9518,5.69780954361475,101.507,136.162,0.745486993434292,0.745486993434292,0.00280266086749373,0.511904761904762,0.988005659761274,0.742684332566798
"58",2010,5,0.0234270077484098,2955.13629320093,7537.68177685209,"yes","no",4258.55247633469,3503.52166131164,19485.6070261096,11.8089700155052,1.44108461101647,2.08986371379898,0,0,2029,1,0,2955.13629320093,7537.68177685209,"yes","no",2955.13629320093,2955.13629320093,13996.3478096514,11.8089700155052,1.44108461101647,2.08986371379898,4,0,2029,53,2033,60,35,6,0,0,0,9518,5.69780954361475,101.507,136.162,0.745486993434292,0.745486993434292,0.00280266086749373,0.511904761904762,0.988005659761274,0.742684332566798
"59",2010,5,0.0234270077484098,2955.13629320093,7537.68177685209,"yes","no",4258.55247633469,3503.52166131164,19485.6070261096,11.8089700155052,1.44108461101647,2.08986371379898,0,0,2029,5,77,3088.49355514305,7613540.73239693,"no","no",4289.86102757767,3529.27928390139,-2738076.65587661,557.282041860115,1.44108461101647,2.08986371379898,-1,0,2029,53,2033,60,35,6,0,0,0,9518,5.69780954361475,101.507,136.162,0.745486993434292,0.745486993434292,0.00280266086749373,0.511904761904762,0.988005659761274,0.742684332566798
"60",2011,6,0,3295.58448298624,10026.5944249563,"yes","no",5092.15524032117,3989.83687451112,21817.755397983,14.8194104049074,1.54514480408859,2.15786484951732,0,0,2029,6,77,2974.13418378733,6658595.50568002,"no","no",4429.31238732841,3470.48215493469,-2472737.97923877,475.926240472288,1.54514480408859,2.15786484951732,-1,0,2029,54,2063,67,37,9,0,0,0,9662,5.77111052579584,108.839,166.985,0.651789082851753,0.651789082851753,0.00279743602801543,0.540816326530612,1.2263700591942,0.648991646823738
"61",2011,6,0,3295.58448298624,10026.5944249563,"yes","no",5092.15524032117,3989.83687451112,21817.755397983,14.8194104049074,1.54514480408859,2.15786484951732,0,0,2029,2,6.3570251640499e-07,3295.5610559785,10026.4918156624,"yes","no",3456.03485400773,3291.46176572165,12153.5097354891,14.8191973192421,1.54514480408859,2.15786484951732,4,0,2029,54,2063,67,37,9,0,0,0,9662,5.77111052579584,108.839,166.985,0.651789082851753,0.651789082851753,0.00279743602801543,0.540816326530612,1.2263700591942,0.648991646823738
"62",2011,6,0,3295.58448298624,10026.5944249563,"yes","no",5092.15524032117,3989.83687451112,21817.755397983,14.8194104049074,1.54514480408859,2.15786484951732,0,0,2029,6,59.3521730713084,3282.10950913524,9872.63595663047,"yes","no",4943.26048647702,3873.17393882435,16954.3121209448,14.6891529622612,1.54514480408859,2.15786484951732,0,0,2029,54,2063,67,37,9,0,0,0,9662,5.77111052579584,108.839,166.985,0.651789082851753,0.651789082851753,0.00279743602801543,0.540816326530612,1.2263700591942,0.648991646823738
"63",2012,7,0.00308535610457739,3621.79039205481,13502.6030988201,"yes","no",5889.77136636681,4395.03807625246,24047.7138341046,18.1235839734506,1.62620670073822,2.73480976717774,0,0,2029,3,0.000398495548594724,3621.76794984764,13502.4176555027,"yes","no",4396.0974451189,3987.38997289696,9493.14980529346,18.1233502584746,1.62620670073822,2.73480976717774,4,0,2029,55,2095,63,31,6,0,0,0,9427,5.66013796698894,114.545,186.885,0.612917034539958,0.612917034539958,0.00270173649975606,0.514851485148515,1.11917238075276,0.610215298040202
"64",2012,7,0.00308535610457739,3621.79039205481,13502.6030988201,"yes","no",5889.77136636681,4395.03807625246,24047.7138341046,18.1235839734506,1.62620670073822,2.73480976717774,0,0,2029,7,77,2942.2268683253,5760593.27785669,"no","no",4574.08869628994,3413.25541075311,-2194966.24008444,413.21485463229,1.62620670073822,2.73480976717774,-1,0,2029,55,2095,63,31,6,0,0,0,9427,5.66013796698894,114.545,186.885,0.612917034539958,0.612917034539958,0.00270173649975606,0.514851485148515,1.11917238075276,0.610215298040202
"65",2012,7,0.00308535610457739,3621.79039205481,13502.6030988201,"yes","no",5889.77136636681,4395.03807625246,24047.7138341046,18.1235839734506,1.62620670073822,2.73480976717774,0,0,2029,7,0,3668.24111002272,13567.1248209452,"yes","no",5965.31827304233,4451.41234118201,12564.2860611393,18.5806933994897,1.62620670073822,2.73480976717774,0,0,2029,55,2095,63,31,6,0,0,0,9427,5.66013796698894,114.545,186.885,0.612917034539958,0.612917034539958,0.00270173649975606,0.514851485148515,1.11917238075276,0.610215298040202
"66",2013,8,0.000111098970251078,3933.96963131972,18196.0970069838,"yes","no",6715.78396815382,4772.7822833541,26240.04748284,21.7316248652886,1.70712663259512,3.25198750709824,0,0,2029,4,0.0152095100864216,3933.94547364958,18195.8020087368,"yes","no",5197.2073629744,4489.54312750191,5197.2295229365,21.7313399738263,1.70712663259512,3.25198750709824,4,0,2029,56,2209,151,37,8,0,0,3,9410,5.74487965357175,120.249,215.897,0.556973927382039,0.556973927382039,0.00260066982959337,0.792452830188679,1.15523985338577,0.554373257552445
"67",2013,8,0.000111098970251078,3933.96963131972,18196.0970069838,"yes","no",6715.78396815382,4772.7822833541,26240.04748284,21.7316248652886,1.70712663259512,3.25198750709824,0,0,2029,8,159,2972.007743304,4984974.52325377,"no","no",4556.52755724455,3238.23906515711,-1908190.22965323,366.241160356705,1.70712663259512,3.25198750709824,-1,0,2029,56,2209,151,37,8,0,0,3,9410,5.74487965357175,120.249,215.897,0.556973927382039,0.556973927382039,0.00260066982959337,0.792452830188679,1.15523985338577,0.554373257552445
"68",2013,8,0.000111098970251078,3933.96963131972,18196.0970069838,"yes","no",6715.78396815382,4772.7822833541,26240.04748284,21.7316248652886,1.70712663259512,3.25198750709824,0,0,2029,8,0,3978.43241975879,18470.0540566474,"yes","no",6791.68793975007,4826.72581885028,6791.80497969106,22.2318599239927,1.70712663259512,3.25198750709824,0,0,2029,56,2209,151,37,8,0,0,3,9410,5.74487965357175,120.249,215.897,0.556973927382039,0.556973927382039,0.00260066982959337,0.792452830188679,1.15523985338577,0.554373257552445
"69",2014,9,0.000140035556821516,4232.28828040713,24441.0754649097,"yes","no",7401.09652575884,5009.35345080734,28226.2148966125,25.6714092075229,1.74872231686542,3.15346394094265,0,0,2029,9,164,3128.21281435333,4350688.47350479,"no","no",4953.20747404944,3352.52578673135,-1655740.90247369,341.130502891258,1.74872231686542,3.15346394094265,-1,0,2029,57,2256,131,84,33,0,0,0,9130,5.88826953659207,123.183,254.387,0.484234650355561,0.484234650355561,0.00261004855345393,0.676646706586826,1.17827945733382,0.481624601802107
"70",2014,9,0.000140035556821516,4232.28828040713,24441.0754649097,"yes","no",7401.09652575884,5009.35345080734,28226.2148966125,25.6714092075229,1.74872231686542,3.15346394094265,0,0,2029,9,0,4274.79045195784,24962.0783707453,"yes","no",7475.42146326188,5059.65949408973,5984.13357762663,26.2187874043829,1.74872231686542,3.15346394094265,0,0,2029,57,2256,131,84,33,0,0,0,9130,5.88826953659207,123.183,254.387,0.484234650355561,0.484234650355561,0.00261004855345393,0.676646706586826,1.17827945733382,0.481624601802107
"71",2014,9,0.000140035556821516,4232.28828040713,24441.0754649097,"yes","no",7401.09652575884,5009.35345080734,28226.2148966125,25.6714092075229,1.74872231686542,3.15346394094265,0,0,2029,5,0,4232.28029900352,24440.7103054513,"yes","no",6099.07400840215,5017.72328065129,4919.50449439872,25.6712781535663,1.74872231686542,3.15346394094265,4,0,2029,57,2256,131,84,33,0,0,0,9130,5.88826953659207,123.183,254.387,0.484234650355561,0.484234650355561,0.00261004855345393,0.676646706586826,1.17827945733382,0.481624601802107
"72",2015,10,2.45891724830472e-05,4516.88901502244,32707.7573692845,"yes","no",7745.27188228565,4992.67131385233,29805.7856629859,29.9952740687553,1.71473594548552,2.99082907438955,0,0,2029,10,0,4557.45008784925,33537.228922836,"yes","no",7814.82348539125,5037.50489735144,4208.22239453173,30.5976064154688,1.71473594548552,2.99082907438955,0,0,2029,58,2271,89,74,28,0,0,0,9331,5.96119901784433,NA,NA,NA,NA,NA,NA,NA,NA
"73",2015,10,2.45891724830472e-05,4516.88901502244,32707.7573692845,"yes","no",7745.27188228565,4992.67131385233,29805.7856629859,29.9952740687553,1.71473594548552,2.99082907438955,0,0,2029,6,0,4516.88128539633,32707.3177215177,"yes","no",6979.23564881512,5468.41375279611,3966.72442839372,29.9951274871968,1.71473594548552,2.99082907438955,4,0,2029,58,2271,89,74,28,0,0,0,9331,5.96119901784433,NA,NA,NA,NA,NA,NA,NA,NA
"74",2015,10,2.45891724830472e-05,4516.88901502244,32707.7573692845,"yes","no",7745.27188228565,4992.67131385233,29805.7856629859,29.9952740687553,1.71473594548552,2.99082907438955,0,0,2029,10,164,3308.50591608678,3895809.07170166,"no","no",5182.71805196562,3340.82626653997,-1492085.42410086,326.941152332784,1.71473594548552,2.99082907438955,-1,0,2029,58,2271,89,74,28,0,0,0,9331,5.96119901784433,NA,NA,NA,NA,NA,NA,NA,NA
"75",2015,10,2.45891724830472e-05,4516.88901502244,32707.7573692845,"yes","no",7745.27188228565,4992.67131385233,29805.7856629859,29.9952740687553,1.71473594548552,2.99082907438955,0,0,2029,1,0,4516.88901502244,32707.7573692845,"yes","no",4516.88901502244,4516.88901502244,1465.23087230593,29.9952740687553,1.71473594548552,2.99082907438955,9,0,2029,58,2271,89,74,28,0,0,0,9331,5.96119901784433,NA,NA,NA,NA,NA,NA,NA,NA
"76",2016,11,2.99708781881236e-06,4787.8560255159,43653.5414409509,"yes","no",8209.97679037708,5040.21356287451,31439.8034510471,34.7890911928815,1.71475014196479,3.0307069846678,0,0,2029,7,40.4761298593478,4787.8486697624,43652.998238412,"yes","no",7675.33707361128,5727.45469870465,1926.26327937179,34.7889265282774,1.71475014196479,3.0307069846678,4,0,2029,NA,NA,NA,NA,NA,NA,NA,NA,NA,NA,NA,NA,NA,NA,NA,NA,NA,NA
"77",2016,11,2.99708781881236e-06,4787.8560255159,43653.5414409509,"yes","no",8209.97679037708,5040.21356287451,31439.8034510471,34.7890911928815,1.71475014196479,3.0307069846678,0,0,2029,2,0,4787.85600092673,43653.5413332513,"yes","no",5020.99549671291,4781.90047305991,2080.36656686421,34.7890908503789,1.71475014196479,3.0307069846678,9,0,2029,NA,NA,NA,NA,NA,NA,NA,NA,NA,NA,NA,NA,NA,NA,NA,NA,NA,NA
"78",2016,11,2.99708781881236e-06,4787.8560255159,43653.5414409509,"yes","no",8209.97679037708,5040.21356287451,31439.8034510471,34.7890911928815,1.71475014196479,3.0307069846678,0,0,2029,11,0,4826.48746228694,44883.6665036894,"yes","no",8276.22006114783,5080.88118475856,1502.25465643743,35.4594467380898,1.71475014196479,3.0307069846678,0,0,2029,NA,NA,NA,NA,NA,NA,NA,NA,NA,NA,NA,NA,NA,NA,NA,NA,NA,NA
"79",2016,11,2.99708781881236e-06,4787.8560255159,43653.5414409509,"yes","no",8209.97679037708,5040.21356287451,31439.8034510471,34.7890911928815,1.71475014196479,3.0307069846678,0,0,2029,11,167,3496.52839253843,3586472.65416611,"no","no",5489.54449104967,3370.10411895706,-1405427.97656616,321.226981908873,1.71475014196479,3.0307069846678,-1,0,2029,NA,NA,NA,NA,NA,NA,NA,NA,NA,NA,NA,NA,NA,NA,NA,NA,NA,NA
"80",2017,12,0,5045.1879245807,58198.798831907,"yes","no",8651.23670991382,5058.1989292709,32982.7666387881,40.1856796914231,1.71475014196479,3.23009653605906,0,0,2029,8,27.7602604939694,5085.65709921501,58375.3969963038,"yes","no",8591.58465799618,6105.87881267027,-2262.00927773813,40.7941419506689,1.71475014196479,3.23009653605906,4,0,2029,NA,NA,NA,NA,NA,NA,NA,NA,NA,NA,NA,NA,NA,NA,NA,NA,NA,NA
"81",2017,12,0,5045.1879245807,58198.798831907,"yes","no",8651.23670991382,5058.1989292709,32982.7666387881,40.1856796914231,1.71475014196479,3.23009653605906,0,0,2029,3,0,5045.18789814233,58198.7984662787,"yes","no",6123.84391384397,5554.5069513324,-7455.36466418272,40.1856792633183,1.71475014196479,3.23009653605906,9,0,2029,NA,NA,NA,NA,NA,NA,NA,NA,NA,NA,NA,NA,NA,NA,NA,NA,NA,NA
"82",2017,12,0,5045.1879245807,58198.798831907,"yes","no",8651.23670991382,5058.1989292709,32982.7666387881,40.1856796914231,1.71475014196479,3.23009653605906,0,0,2029,12,16.5961690891691,5081.8880784191,59963.8305592677,"yes","no",8660.56107563157,5063.65069278993,-3298.76465328928,40.9444952413999,1.71475014196479,3.23009653605906,0,0,2029,NA,NA,NA,NA,NA,NA,NA,NA,NA,NA,NA,NA,NA,NA,NA,NA,NA,NA
"83",2017,12,0,5045.1879245807,58198.798831907,"yes","no",8651.23670991382,5058.1989292709,32982.7666387881,40.1856796914231,1.71475014196479,3.23009653605906,0,0,2029,12,180,3686.82983642551,3393549.47798133,"no","no",5740.57460892005,3356.39508129103,-1361113.99833236,322.950813877217,1.71475014196479,3.23009653605906,-1,0,2029,NA,NA,NA,NA,NA,NA,NA,NA,NA,NA,NA,NA,NA,NA,NA,NA,NA,NA
"84",2018,13,3.27819407175411e-08,5288.75488837185,77637.7844496213,"yes","no",9068.89319553889,5049.89907273191,34431.6778605909,46.3842267645705,1.71475014196479,3.46936399772856,0,0,2029,9,44.3242430723785,5355.05183824608,78431.7607160764,"yes","no",9224.72375527377,6243.65614141037,-8855.39412839331,47.5274217109065,1.71475014196479,3.46936399772856,4,0,2029,NA,NA,NA,NA,NA,NA,NA,NA,NA,NA,NA,NA,NA,NA,NA,NA,NA,NA
"85",2018,13,3.27819407175411e-08,5288.75488837185,77637.7844496213,"yes","no",9068.89319553889,5049.89907273191,34431.6778605909,46.3842267645705,1.71475014196479,3.46936399772856,0,0,2029,4,49.1665003144132,5288.75486322554,77637.7837188251,"yes","no",6910.04466123024,5969.15638590237,-8466.20709794105,46.384226275897,1.71475014196479,3.46936399772856,9,0,2029,NA,NA,NA,NA,NA,NA,NA,NA,NA,NA,NA,NA,NA,NA,NA,NA,NA,NA
"86",2018,13,3.27819407175411e-08,5288.75488837185,77637.7844496213,"yes","no",9068.89319553889,5049.89907273191,34431.6778605909,46.3842267645705,1.71475014196479,3.46936399772856,0,0,2029,13,51.8246793070981,5340.09855962554,80203.9127657408,"yes","no",8977.136086642,4998.80528111433,-11718.3340519908,47.5328729122002,1.71475014196479,3.46936399772856,0,0,2029,NA,NA,NA,NA,NA,NA,NA,NA,NA,NA,NA,NA,NA,NA,NA,NA,NA,NA
"87",2018,13,3.27819407175411e-08,5288.75488837185,77637.7844496213,"yes","no",9068.89319553889,5049.89907273191,34431.6778605909,46.3842267645705,1.71475014196479,3.46936399772856,0,0,2029,13,192,3882.14360909985,3297251.41354585,"no","no",5990.7884172678,3335.89515511943,-1381073.02424305,332.206633170367,1.71475014196479,3.46936399772856,-1,0,2029,NA,NA,NA,NA,NA,NA,NA,NA,NA,NA,NA,NA,NA,NA,NA,NA,NA,NA
"88",2019,14,0,5518.2388187889,103799.928559445,"yes","no",9902.43412337014,5251.4722389817,36221.2618675105,53.6783555804697,1.79449176604202,3.58899772856332,0,0,2029,14,85.1205924606229,5618.59123316102,107856.725337029,"yes","no",9777.01809166821,5184.96143965696,-23720.6612308486,55.9525675995827,1.79449176604202,3.58899772856332,0,0,2029,NA,NA,NA,NA,NA,NA,NA,NA,NA,NA,NA,NA,NA,NA,NA,NA,NA,NA
"89",2019,14,0,5518.2388187889,103799.928559445,"yes","no",9902.43412337014,5251.4722389817,36221.2618675105,53.6783555804697,1.79449176604202,3.58899772856332,0,0,2029,14,205,4074.02141681972,3287943.61733267,"yes","no",6575.05335280635,3486.89117462514,-1433533.34798498,348.659922302094,1.79449176604202,3.58899772856332,-1,0,2029,NA,NA,NA,NA,NA,NA,NA,NA,NA,NA,NA,NA,NA,NA,NA,NA,NA,NA
"90",2019,14,0,5518.2388187889,103799.928559445,"yes","no",9902.43412337014,5251.4722389817,36221.2618675105,53.6783555804697,1.79449176604202,3.58899772856332,0,0,2029,10,47.9695178283207,5625.55265398603,105898.877852732,"yes","no",9502.86872040593,6125.63390682087,-19373.2564263422,55.7926022671917,1.79449176604202,3.58899772856332,4,0,2029,NA,NA,NA,NA,NA,NA,NA,NA,NA,NA,NA,NA,NA,NA,NA,NA,NA,NA
"91",2019,14,0,5518.2388187889,103799.928559445,"yes","no",9902.43412337014,5251.4722389817,36221.2618675105,53.6783555804697,1.79449176604202,3.58899772856332,0,0,2029,5,46.1030661605345,5567.40529523194,104015.274496724,"yes","no",7926.75296918657,6521.35928481369,-17985.435731724,54.5365911384883,1.79449176604202,3.58899772856332,9,0,2029,NA,NA,NA,NA,NA,NA,NA,NA,NA,NA,NA,NA,NA,NA,NA,NA,NA,NA
"92",2020,15,5.71276359551121e-10,5733.04831054842,139283.217712397,"yes","no",10516.529973747,5311.56226645643,37700.8995263858,62.4962756800661,1.83436967632027,3.74850936967632,0,0,2029,11,114.1015248311,5882.7230820915,144024.85190202,"yes","no",9741.59195188911,5980.49240985072,-34852.8361814497,65.9573767972451,1.83436967632027,3.74850936967632,4,0,2029,NA,NA,NA,NA,NA,NA,NA,NA,NA,NA,NA,NA,NA,NA,NA,NA,NA,NA
"93",2020,15,5.71276359551121e-10,5733.04831054842,139283.217712397,"yes","no",10516.529973747,5311.56226645643,37700.8995263858,62.4962756800661,1.83436967632027,3.74850936967632,0,0,2029,15,137.041999613413,5912.98931623921,146495.890046936,"yes","no",10332.9050785249,5218.81921650756,-42625.4902049437,66.8949371617073,1.83436967632027,3.74850936967632,0,0,2029,NA,NA,NA,NA,NA,NA,NA,NA,NA,NA,NA,NA,NA,NA,NA,NA,NA,NA
"94",2020,15,5.71276359551121e-10,5733.04831054842,139283.217712397,"yes","no",10516.529973747,5311.56226645643,37700.8995263858,62.4962756800661,1.83436967632027,3.74850936967632,0,0,2029,6,217,5825.85499946351,140629.6869656,"yes","no",8533.53290944929,6686.24632697324,-31668.589113109,64.3962948484502,1.83436967632027,3.74850936967632,9,0,2029,NA,NA,NA,NA,NA,NA,NA,NA,NA,NA,NA,NA,NA,NA,NA,NA,NA,NA
"95",2020,15,5.71276359551121e-10,5733.04831054842,139283.217712397,"yes","no",10516.529973747,5311.56226645643,37700.8995263858,62.4962756800661,1.83436967632027,3.74850936967632,0,0,2029,1,0,5733.04831054842,139283.217712397,"yes","no",5733.04831054842,5733.04831054842,-27204.292340798,62.4962756800661,1.83436967632027,3.74850936967632,14,0,2029,NA,NA,NA,NA,NA,NA,NA,NA,NA,NA,NA,NA,NA,NA,NA,NA,NA,NA
"96",2020,15,5.71276359551121e-10,5733.04831054842,139283.217712397,"yes","no",10516.529973747,5311.56226645643,37700.8995263858,62.4962756800661,1.83436967632027,3.74850936967632,0,0,2029,15,217,4256.61899247024,3359458.92027679,"yes","no",6994.78627021659,3532.84238313945,-1527123.76551809,372.324672672166,1.83436967632027,3.74850936967632,-1,0,2029,NA,NA,NA,NA,NA,NA,NA,NA,NA,NA,NA,NA,NA,NA,NA,NA,NA,NA
"97",2021,16,0,5932.19761669578,187789.225379416,"yes","no",11354.970710629,5461.93506013473,14600.4138104168,73.4571803720983,1.91412549687677,3.82826519023282,0,0,2029,12,214.926245871851,6187.65614356214,197750.57473994,"yes","no",9916.05172830365,5797.71007504892,-57842.6806297297,80.1918313488167,1.91412549687677,3.82826519023282,4,0,2029,NA,NA,NA,NA,NA,NA,NA,NA,NA,NA,NA,NA,NA,NA,NA,NA,NA,NA
"98",2021,16,0,5932.19761669578,187789.225379416,"yes","no",11354.970710629,5461.93506013473,14600.4138104168,73.4571803720983,1.91412549687677,3.82826519023282,0,0,2029,16,176.38433613853,6238.95110385603,201727.26439252,"yes","no",11266.8893675169,5419.56642807497,-71065.0081636264,81.8911145481107,1.91412549687677,3.82826519023282,0,0,2029,NA,NA,NA,NA,NA,NA,NA,NA,NA,NA,NA,NA,NA,NA,NA,NA,NA,NA
"99",2021,16,0,5932.19761669578,187789.225379416,"yes","no",11354.970710629,5461.93506013473,14600.4138104168,73.4571803720983,1.91412549687677,3.82826519023282,0,0,2029,16,230,4422.27266685845,3509108.39321156,"yes","no",7584.28387202147,3648.17021921791,-1666092.92492289,403.110979873347,1.91412549687677,3.82826519023282,-1,0,2029,NA,NA,NA,NA,NA,NA,NA,NA,NA,NA,NA,NA,NA,NA,NA,NA,NA,NA
"100",2021,16,0,5932.19761669578,187789.225379416,"yes","no",11354.970710629,5461.93506013473,14600.4138104168,73.4571803720983,1.91412549687677,3.82826519023282,0,0,2029,2,0,5932.1976166952,187789.225379413,"yes","no",6221.05959604308,5924.81866289817,-30751.409025716,73.4571803720867,1.91412549687677,3.82826519023282,14,0,2029,NA,NA,NA,NA,NA,NA,NA,NA,NA,NA,NA,NA,NA,NA,NA,NA,NA,NA
"101",2021,16,0,5932.19761669578,187789.225379416,"yes","no",11354.970710629,5461.93506013473,14600.4138104168,73.4571803720983,1.91412549687677,3.82826519023282,0,0,2029,7,230,6237.08470866837,192558.023932667,"yes","no",9513.78269985749,7099.33113088884,-52438.8463039673,80.4060881980986,1.91412549687677,3.82826519023282,9,0,2029,NA,NA,NA,NA,NA,NA,NA,NA,NA,NA,NA,NA,NA,NA,NA,NA,NA,NA
"102",2022,17,0,6114.13510701435,254597.325335875,"yes","no",12434.6786933654,5696.46958169168,12416.4778639055,87.4479738025802,2.03375922771153,3.94789892106758,0,0,2029,17,242,6578.92994222376,282813.670644442,"yes","no",12424.5679395669,5691.83772888054,-114531.040807322,102.66371833709,2.03375922771153,3.94789892106758,0,0,2029,NA,NA,NA,NA,NA,NA,NA,NA,NA,NA,NA,NA,NA,NA,NA,NA,NA,NA
"103",2022,17,0,6114.13510701435,254597.325335875,"yes","no",12434.6786933654,5696.46958169168,12416.4778639055,87.4479738025802,2.03375922771153,3.94789892106758,0,0,2029,13,242,6569.52355678326,276143.044640548,"yes","no",10425.5053641848,5805.31149018898,-94877.30122636,101.333474015548,2.03375922771153,3.94789892106758,4,0,2029,NA,NA,NA,NA,NA,NA,NA,NA,NA,NA,NA,NA,NA,NA,NA,NA,NA,NA
"104",2022,17,0,6114.13510701435,254597.325335875,"yes","no",12434.6786933654,5696.46958169168,12416.4778639055,87.4479738025802,2.03375922771153,3.94789892106758,0,0,2029,3,144.27557110424,6114.13510701381,254597.325335854,"yes","no",7135.15571912261,6471.79657063275,-79400.960069198,87.447973802565,2.03375922771153,3.94789892106758,14,0,2029,NA,NA,NA,NA,NA,NA,NA,NA,NA,NA,NA,NA,NA,NA,NA,NA,NA,NA
"105",2022,17,0,6114.13510701435,254597.325335875,"yes","no",12434.6786933654,5696.46958169168,12416.4778639055,87.4479738025802,2.03375922771153,3.94789892106758,0,0,2029,17,242,4565.66024718861,3735574.51320765,"yes","no",8330.06211941718,3816.09743580911,-1844062.20734254,440.943121356678,2.03375922771153,3.94789892106758,-1,0,2029,NA,NA,NA,NA,NA,NA,NA,NA,NA,NA,NA,NA,NA,NA,NA,NA,NA,NA
"106",2022,17,0,6114.13510701435,254597.325335875,"yes","no",12434.6786933654,5696.46958169168,12416.4778639055,87.4479738025802,2.03375922771153,3.94789892106758,0,0,2029,8,242,6632.17690488648,270856.290843129,"yes","no",10534.9848496962,7487.01704588276,-82967.9574473205,101.943296258457,2.03375922771153,3.94789892106758,9,0,2029,NA,NA,NA,NA,NA,NA,NA,NA,NA,NA,NA,NA,NA,NA,NA,NA,NA,NA
"107",2023,18,0,6276.50324608621,347219.444627508,"yes","no",13265.4840611063,5787.68675541532,11752.3815478297,105.7218592987,2.11351504826803,3.98777683134583,0,0,2029,4,255,6420.77881718995,347851.365470065,"yes","no",8082.98802850222,6982.38896750003,-100494.905898153,109.428628281588,2.11351504826803,3.98777683134583,14,0,2029,NA,NA,NA,NA,NA,NA,NA,NA,NA,NA,NA,NA,NA,NA,NA,NA,NA,NA
"108",2023,18,0,6276.50324608621,347219.444627508,"yes","no",13265.4840611063,5787.68675541532,11752.3815478297,105.7218592987,2.11351504826803,3.98777683134583,0,0,2029,9,255,7005.32380084837,390465.905998006,"yes","no",11446.2327624716,7747.26088058316,-128768.066349954,132.085957760269,2.11351504826803,3.98777683134583,9,0,2029,NA,NA,NA,NA,NA,NA,NA,NA,NA,NA,NA,NA,NA,NA,NA,NA,NA,NA
"109",2023,18,0,6276.50324608621,347219.444627508,"yes","no",13265.4840611063,5787.68675541532,11752.3815478297,105.7218592987,2.11351504826803,3.98777683134583,0,0,2029,18,255,6953.14900971885,404642.590347007,"yes","no",13678.7019728975,5967.9723615913,-181946.098120128,133.119965050096,2.11351504826803,3.98777683134583,0,0,2029,NA,NA,NA,NA,NA,NA,NA,NA,NA,NA,NA,NA,NA,NA,NA,NA,NA,NA
"110",2023,18,0,6276.50324608621,347219.444627508,"yes","no",13265.4840611063,5787.68675541532,11752.3815478297,105.7218592987,2.11351504826803,3.98777683134583,0,0,2029,14,255,6945.34112764278,395139.100884965,"yes","no",11548.1630451243,6124.23742356241,-151806.188680648,131.243475223086,2.11351504826803,3.98777683134583,4,0,2029,NA,NA,NA,NA,NA,NA,NA,NA,NA,NA,NA,NA,NA,NA,NA,NA,NA,NA
"111",2023,18,0,6276.50324608621,347219.444627508,"yes","no",13265.4840611063,5787.68675541532,11752.3815478297,105.7218592987,2.11351504826803,3.98777683134583,0,0,2029,18,255,4679.70953122956,4038203.27267347,"yes","no",8873.75342378382,3871.58922547238,-2064406.52633849,485.217831494743,2.11351504826803,3.98777683134583,-1,0,2029,NA,NA,NA,NA,NA,NA,NA,NA,NA,NA,NA,NA,NA,NA,NA,NA,NA,NA
"112",2024,19,0,6415.81123033095,476265.403008025,"yes","no",14071.6118713622,5847.04537982945,8371.21002566798,130.011685374496,2.19327086882453,4.14728847245883,0,0,2029,5,267,6806.71086536296,485509.699574661,"yes","no",9251.05266812882,7610.86392449962,-156503.819997278,142.871950870944,2.19327086882453,4.14728847245883,14,0,2029,NA,NA,NA,NA,NA,NA,NA,NA,NA,NA,NA,NA,NA,NA,NA,NA,NA,NA
"113",2024,19,0,6415.81123033095,476265.403008025,"yes","no",14071.6118713622,5847.04537982945,8371.21002566798,130.011685374496,2.19327086882453,4.14728847245883,0,0,2029,15,267,7292.75894839151,578933.46934656,"yes","no",12376.7638699391,6251.10679249904,-244083.73827538,174.600831606826,2.19327086882453,4.14728847245883,4,0,2029,NA,NA,NA,NA,NA,NA,NA,NA,NA,NA,NA,NA,NA,NA,NA,NA,NA,NA
"114",2024,19,0,6415.81123033095,476265.403008025,"yes","no",14071.6118713622,5847.04537982945,8371.21002566798,130.011685374496,2.19327086882453,4.14728847245883,0,0,2029,10,267,7349.93472428415,575728.883683416,"yes","no",11804.6459058402,7609.38000369852,-202855.508508369,175.909868583016,2.19327086882453,4.14728847245883,9,0,2029,NA,NA,NA,NA,NA,NA,NA,NA,NA,NA,NA,NA,NA,NA,NA,NA,NA,NA
"115",2024,19,0,6415.81123033095,476265.403008025,"yes","no",14071.6118713622,5847.04537982945,8371.21002566798,130.011685374496,2.19327086882453,4.14728847245883,0,0,2029,19,267,7298.4933220912,592805.744186984,"yes","no",14900.2467675065,6191.36029452139,-290060.348035248,177.321438947527,2.19327086882453,4.14728847245883,0,0,2029,NA,NA,NA,NA,NA,NA,NA,NA,NA,NA,NA,NA,NA,NA,NA,NA,NA,NA
"116",2024,19,0,6415.81123033095,476265.403008025,"yes","no",14071.6118713622,5847.04537982945,8371.21002566798,130.011685374496,2.19327086882453,4.14728847245883,0,0,2029,19,267,4760.16645612933,4414062.4301932,"yes","no",9333.00839683766,3878.0577609377,-2341601.75988041,534.874844327751,2.19327086882453,4.14728847245883,-1,0,2029,NA,NA,NA,NA,NA,NA,NA,NA,NA,NA,NA,NA,NA,NA,NA,NA,NA,NA
"117",2025,20,0,6527.00891773655,656497.681826384,"yes","no",14836.0654718432,5871.1348957306,1134.8221435968,162.629236156798,2.27302668938103,4.42643384440659,0,0,2029,11,280,7652.73072325224,866293.369232339,"yes","no",12273.9231384081,7535.12408760934,-324597.584583495,241.434494955696,2.27302668938103,4.42643384440659,9,0,2029,NA,NA,NA,NA,NA,NA,NA,NA,NA,NA,NA,NA,NA,NA,NA,NA,NA,NA
"118",2025,20,0,6527.00891773655,656497.681826384,"yes","no",14836.0654718432,5871.1348957306,1134.8221435968,162.629236156798,2.27302668938103,4.42643384440659,0,0,2029,16,280,7598.71966735203,866317.161282821,"yes","no",13472.9888056323,6480.73797789739,-393978.11369479,239.22239298202,2.27302668938103,4.42643384440659,4,0,2029,NA,NA,NA,NA,NA,NA,NA,NA,NA,NA,NA,NA,NA,NA,NA,NA,NA,NA
"119",2025,20,0,6527.00891773655,656497.681826384,"yes","no",14836.0654718432,5871.1348957306,1134.8221435968,162.629236156798,2.27302668938103,4.42643384440659,0,0,2029,1,0,6527.00891773655,656497.681826384,"yes","no",6527.00891773655,6527.00891773655,-191901.010180071,162.629236156798,2.27302668938103,4.42643384440659,19,0,2029,NA,NA,NA,NA,NA,NA,NA,NA,NA,NA,NA,NA,NA,NA,NA,NA,NA,NA
"120",2025,20,0,6527.00891773655,656497.681826384,"yes","no",14836.0654718432,5871.1348957306,1134.8221435968,162.629236156798,2.27302668938103,4.42643384440659,0,0,2029,20,280,7601.63332772388,886945.590767368,"yes","no",16039.3139603709,6347.30118136998,-461825.519116526,243.230603669201,2.27302668938103,4.42643384440659,0,0,2029,NA,NA,NA,NA,NA,NA,NA,NA,NA,NA,NA,NA,NA,NA,NA,NA,NA,NA
"121",2025,20,0,6527.00891773655,656497.681826384,"yes","no",14836.0654718432,5871.1348957306,1134.8221435968,162.629236156798,2.27302668938103,4.42643384440659,0,0,2029,6,280,7159.49124078746,696924.429362648,"yes","no",10458.2485327556,8194.31138084441,-240822.020947835,191.299157637508,2.27302668938103,4.42643384440659,14,0,2029,NA,NA,NA,NA,NA,NA,NA,NA,NA,NA,NA,NA,NA,NA,NA,NA,NA,NA
"122",2025,20,0,6527.00891773655,656497.681826384,"yes","no",14836.0654718432,5871.1348957306,1134.8221435968,162.629236156798,2.27302668938103,4.42643384440659,0,0,2029,20,280,4801.94331092028,4856519.62701167,"yes","no",9675.54383018268,3828.94124620623,-2654304.3915685,587.826693907839,2.27302668938103,4.42643384440659,-1,0,2029,NA,NA,NA,NA,NA,NA,NA,NA,NA,NA,NA,NA,NA,NA,NA,NA,NA,NA
"123",2026,21,0,6602.97891767074,907913.639064377,"yes","no",15535.373310982,5855.11881341502,-10170.469004957,206.47551003465,2.35278250993754,4.58594548551959,0,0,2029,12,292,7895.12083295481,1325619.58552004,"yes","no",12594.9713806092,7364.01891287861,-521453.508750353,340.868377933444,2.35278250993754,4.58594548551959,9,0,2029,NA,NA,NA,NA,NA,NA,NA,NA,NA,NA,NA,NA,NA,NA,NA,NA,NA,NA
"124",2026,21,0,6602.97891767074,907913.639064377,"yes","no",15535.373310982,5855.11881341502,-10170.469004957,206.47551003465,2.35278250993754,4.58594548551959,0,0,2029,2,45.3838405299266,6602.97891767074,907913.639064377,"yes","no",6834.47712395075,6509.02583233405,-218961.644027298,206.47551003465,2.35278250993754,4.58594548551959,19,0,2029,NA,NA,NA,NA,NA,NA,NA,NA,NA,NA,NA,NA,NA,NA,NA,NA,NA,NA
"125",2026,21,0,6602.97891767074,907913.639064377,"yes","no",15535.373310982,5855.11881341502,-10170.469004957,206.47551003465,2.35278250993754,4.58594548551959,0,0,2029,21,292,4804.13950744174,5351774.92163248,"yes","no",9963.99932663712,3755.32655356319,-3051308.56217966,641.249094884865,2.35278250993754,4.58594548551959,-1,0,2029,NA,NA,NA,NA,NA,NA,NA,NA,NA,NA,NA,NA,NA,NA,NA,NA,NA,NA
"126",2026,21,0,6602.97891767074,907913.639064377,"yes","no",15535.373310982,5855.11881341502,-10170.469004957,206.47551003465,2.35278250993754,4.58594548551959,0,0,2029,17,292,7845.04244552142,1319231.15362449,"yes","no",14802.1409804161,6781.03133326967,-636798.715812118,336.993073578448,2.35278250993754,4.58594548551959,4,0,2029,NA,NA,NA,NA,NA,NA,NA,NA,NA,NA,NA,NA,NA,NA,NA,NA,NA,NA
"127",2026,21,0,6602.97891767074,907913.639064377,"yes","no",15535.373310982,5855.11881341502,-10170.469004957,206.47551003465,2.35278250993754,4.58594548551959,0,0,2029,7,292,7466.73494150486,1024734.90261528,"yes","no",11343.8899424955,8464.98533284151,-373887.694582511,263.124172718873,2.35278250993754,4.58594548551959,14,0,2029,NA,NA,NA,NA,NA,NA,NA,NA,NA,NA,NA,NA,NA,NA,NA,NA,NA,NA
"128",2026,21,0,6602.97891767074,907913.639064377,"yes","no",15535.373310982,5855.11881341502,-10170.469004957,206.47551003465,2.35278250993754,4.58594548551959,0,0,2029,21,292,7843.98425205222,1350221.05441347,"yes","no",17116.0928746822,6450.87539234522,-748821.754367437,342.893586089059,2.35278250993754,4.58594548551959,0,0,2029,NA,NA,NA,NA,NA,NA,NA,NA,NA,NA,NA,NA,NA,NA,NA,NA,NA,NA
"129",2027,22,0,6634.03561432789,1256376.99075249,"yes","no",16137.5459177151,5792.44889120663,-26340.5780239133,264.80414805372,2.43253833049404,4.70557921635434,0,0,2029,3,305,6679.41945485781,1256575.77003667,"yes","no",7502.49522132798,6804.98432773513,-455329.347486985,267.023656110508,2.43253833049404,4.70557921635434,19,0,2029,NA,NA,NA,NA,NA,NA,NA,NA,NA,NA,NA,NA,NA,NA,NA,NA,NA,NA
"130",2027,22,0,6634.03561432789,1256376.99075249,"yes","no",16137.5459177151,5792.44889120663,-26340.5780239133,264.80414805372,2.43253833049404,4.70557921635434,0,0,2029,13,305,8045.3285913218,2051650.73401568,"yes","no",12737.5723248152,7092.75688720005,-856478.229448826,490.642276684847,2.43253833049404,4.70557921635434,9,0,2029,NA,NA,NA,NA,NA,NA,NA,NA,NA,NA,NA,NA,NA,NA,NA,NA,NA,NA
"131",2027,22,0,6634.03561432789,1256376.99075249,"yes","no",16137.5459177151,5792.44889120663,-26340.5780239133,264.80414805372,2.43253833049404,4.70557921635434,0,0,2029,18,305,8000.6602009466,2033112.56687303,"yes","no",15693.2437972193,6846.9102865964,-1029635.97478936,483.917218447653,2.43253833049404,4.70557921635434,4,0,2029,NA,NA,NA,NA,NA,NA,NA,NA,NA,NA,NA,NA,NA,NA,NA,NA,NA,NA
"132",2027,22,0,6634.03561432789,1256376.99075249,"yes","no",16137.5459177151,5792.44889120663,-26340.5780239133,264.80414805372,2.43253833049404,4.70557921635434,0,0,2029,8,305,7706.33390354301,1535892.80299697,"yes","no",12163.831656744,8644.60806129369,-574629.430730741,370.536681515425,2.43253833049404,4.70557921635434,14,0,2029,NA,NA,NA,NA,NA,NA,NA,NA,NA,NA,NA,NA,NA,NA,NA,NA,NA,NA
"133",2027,22,0,6634.03561432789,1256376.99075249,"yes","no",16137.5459177151,5792.44889120663,-26340.5780239133,264.80414805372,2.43253833049404,4.70557921635434,0,0,2029,22,305,4766.61484489533,5878285.97212434,"yes","no",10159.7716559217,3646.77246238867,-3453342.10443402,691.368631097135,2.43253833049404,4.70557921635434,-1,0,2029,NA,NA,NA,NA,NA,NA,NA,NA,NA,NA,NA,NA,NA,NA,NA,NA,NA,NA
"134",2027,22,0,6634.03561432789,1256376.99075249,"yes","no",16137.5459177151,5792.44889120663,-26340.5780239133,264.80414805372,2.43253833049404,4.70557921635434,0,0,2029,22,305,7993.93263701575,2079564.35121813,"yes","no",18010.34588994,6464.67614173653,-1204247.1410655,492.375430869313,2.43253833049404,4.70557921635434,0,0,2029,NA,NA,NA,NA,NA,NA,NA,NA,NA,NA,NA,NA,NA,NA,NA,NA,NA,NA
"135",2028,23,0,6607.66954431959,1732719.36641715,"yes","no",16336.9094950322,5584.77040483056,-47949.6053601742,340.466447688552,2.47241624077229,4.86509085746735,0,0,2029,4,317,6954.40011995939,1741966.93726946,"yes","no",8690.79606989524,7507.4364063451,-578651.75321964,362.842289773345,2.47241624077229,4.86509085746735,19,0,2029,NA,NA,NA,NA,NA,NA,NA,NA,NA,NA,NA,NA,NA,NA,NA,NA,NA,NA
"136",2028,23,0,6607.66954431959,1732719.36641715,"yes","no",16336.9094950322,5584.77040483056,-47949.6053601742,340.466447688552,2.47241624077229,4.86509085746735,0,0,2029,19,317,8022.06504244659,3143095.07477618,"yes","no",16279.8711196443,6764.62270879281,-1664492.27958557,696.66602896839,2.47241624077229,4.86509085746735,4,0,2029,NA,NA,NA,NA,NA,NA,NA,NA,NA,NA,NA,NA,NA,NA,NA,NA,NA,NA
"137",2028,23,0,6607.66954431959,1732719.36641715,"yes","no",16336.9094950322,5584.77040483056,-47949.6053601742,340.466447688552,2.47241624077229,4.86509085746735,0,0,2029,9,317,7847.12961980916,2330341.54424157,"yes","no",12722.8026202171,8611.29360868464,-880108.336824956,529.094426084993,2.47241624077229,4.86509085746735,14,0,2029,NA,NA,NA,NA,NA,NA,NA,NA,NA,NA,NA,NA,NA,NA,NA,NA,NA,NA
"138",2028,23,0,6607.66954431959,1732719.36641715,"yes","no",16336.9094950322,5584.77040483056,-47949.6053601742,340.466447688552,2.47241624077229,4.86509085746735,0,0,2029,14,317,8058.7480397522,3183091.99380331,"yes","no",13323.644721988,7065.81326448274,-1395130.0737908,707.734254090844,2.47241624077229,4.86509085746735,9,0,2029,NA,NA,NA,NA,NA,NA,NA,NA,NA,NA,NA,NA,NA,NA,NA,NA,NA,NA
"139",2028,23,0,6607.66954431959,1732719.36641715,"yes","no",16336.9094950322,5584.77040483056,-47949.6053601742,340.466447688552,2.47241624077229,4.86509085746735,0,0,2029,23,317,8007.38368048826,3211223.94507334,"yes","no",18255.351655917,6240.58961021618,-2006176.79003889,708.000822109799,2.47241624077229,4.86509085746735,0,0,2029,NA,NA,NA,NA,NA,NA,NA,NA,NA,NA,NA,NA,NA,NA,NA,NA,NA,NA
"140",2028,23,0,6607.66954431959,1732719.36641715,"yes","no",16336.9094950322,5584.77040483056,-47949.6053601742,340.466447688552,2.47241624077229,4.86509085746735,0,0,2029,23,317,4694.88185689038,6405599.89163087,"yes","no",10065.4683496658,3440.87905775972,-4026114.98512987,734.444834516184,2.47241624077229,4.86509085746735,-1,0,2029,NA,NA,NA,NA,NA,NA,NA,NA,NA,NA,NA,NA,NA,NA,NA,NA,NA,NA
"141",2029,24,0,6509.03017350465,2368321.21008721,"yes","no",17131.2979976795,5577.45905909833,-77925.3039338117,434.300869013233,2.63192788188529,4.9049687677456,0,0,2029,20,330,7849.07680065208,4808744.36655538,"yes","no",16380.4378862295,6482.29550238305,-2635194.53708361,979.454050144058,2.63192788188529,4.9049687677456,4,0,2029,NA,NA,NA,NA,NA,NA,NA,NA,NA,NA,NA,NA,NA,NA,NA,NA,NA,NA
"142",2029,24,0,6509.03017350465,2368321.21008721,"yes","no",17131.2979976795,5577.45905909833,-77925.3039338117,434.300869013233,2.63192788188529,4.9049687677456,0,0,2029,24,330,7823.92480440792,4903540.63110365,"yes","no",18973.3661451391,6177.1835912334,-3062705.16696003,992.699524435767,2.63192788188529,4.9049687677456,0,0,2029,NA,NA,NA,NA,NA,NA,NA,NA,NA,NA,NA,NA,NA,NA,NA,NA,NA,NA
"143",2029,24,0,6509.03017350465,2368321.21008721,"yes","no",17131.2979976795,5577.45905909833,-77925.3039338117,434.300869013233,2.63192788188529,4.9049687677456,0,0,2029,10,330,7841.95757930341,3543095.45526787,"yes","no",12459.9129496556,8031.77098264561,-1361873.54021569,752.367820281791,2.63192788188529,4.9049687677456,14,0,2029,NA,NA,NA,NA,NA,NA,NA,NA,NA,NA,NA,NA,NA,NA,NA,NA,NA,NA
"144",2029,24,0,6509.03017350465,2368321.21008721,"yes","no",17131.2979976795,5577.45905909833,-77925.3039338117,434.300869013233,2.63192788188529,4.9049687677456,0,0,2029,15,330,7873.84074641102,4883013.42669427,"yes","no",13206.5266093982,6670.19336078957,-2242250.84042843,995.860217495972,2.63192788188529,4.9049687677456,9,0,2029,NA,NA,NA,NA,NA,NA,NA,NA,NA,NA,NA,NA,NA,NA,NA,NA,NA,NA
"145",2029,24,0,6509.03017350465,2368321.21008721,"yes","no",17131.2979976795,5577.45905909833,-77925.3039338117,434.300869013233,2.63192788188529,4.9049687677456,0,0,2029,24,330,4595.88619514014,6898573.04639641,"yes","no",10477.401325605,3411.14123093416,-4313868.66150006,767.11320867803,2.63192788188529,4.9049687677456,-1,0,2029,NA,NA,NA,NA,NA,NA,NA,NA,NA,NA,NA,NA,NA,NA,NA,NA,NA,NA
"146",2029,24,0,6509.03017350465,2368321.21008721,"yes","no",17131.2979976795,5577.45905909833,-77925.3039338117,434.300869013233,2.63192788188529,4.9049687677456,0,0,2029,5,330,7139.61106233611,2461913.68065091,"yes","no",9599.12860502184,7897.22685919701,-873893.381417679,497.732089907912,2.63192788188529,4.9049687677456,19,0,2029,NA,NA,NA,NA,NA,NA,NA,NA,NA,NA,NA,NA,NA,NA,NA,NA,NA,NA
"147",2030,25,0,6322.94963706731,3184362.72503346,"yes","no",16893.6934638748,5238.19222929932,-117793.971582466,542.555775597681,2.67180579216354,4.86509085746735,0,0,2029,1,0,6322.94963706731,3184362.72503346,"yes","no",6322.94963706731,6322.94963706731,-1004748.45907723,542.555775597681,2.67180579216354,4.86509085746735,24,0,2029,NA,NA,NA,NA,NA,NA,NA,NA,NA,NA,NA,NA,NA,NA,NA,NA,NA,NA
"148",2030,25,0,6322.94963706731,3184362.72503346,"yes","no",16893.6934638748,5238.19222929932,-117793.971582466,542.555775597681,2.67180579216354,4.86509085746735,0,0,2029,25,342,7384.31766055398,7256576.30024343,"yes","no",18065.6016233898,5601.56334336334,-4574380.77520465,1310.56968312273,2.67180579216354,4.86509085746735,0,0,2029,NA,NA,NA,NA,NA,NA,NA,NA,NA,NA,NA,NA,NA,NA,NA,NA,NA,NA
"149",2030,25,0,6322.94963706731,3184362.72503346,"yes","no",16893.6934638748,5238.19222929932,-117793.971582466,542.555775597681,2.67180579216354,4.86509085746735,0,0,2029,16,342,7429.51987591971,7258093.46509095,"yes","no",12911.7667289911,6210.78056320682,-3487516.61391017,1319.18584191739,2.67180579216354,4.86509085746735,9,0,2029,NA,NA,NA,NA,NA,NA,NA,NA,NA,NA,NA,NA,NA,NA,NA,NA,NA,NA
"150",2030,25,0,6322.94963706731,3184362.72503346,"yes","no",16893.6934638748,5238.19222929932,-117793.971582466,542.555775597681,2.67180579216354,4.86509085746735,0,0,2029,25,342,4481.59554346403,7321586.56785313,"yes","no",10310.0918579077,3196.8286372036,-4607481.26243882,787.724976448815,2.67180579216354,4.86509085746735,-1,0,2029,NA,NA,NA,NA,NA,NA,NA,NA,NA,NA,NA,NA,NA,NA,NA,NA,NA,NA
"151",2030,25,0,6322.94963706731,3184362.72503346,"yes","no",16893.6934638748,5238.19222929932,-117793.971582466,542.555775597681,2.67180579216354,4.86509085746735,0,0,2029,21,342,7421.43971148738,7137507.04492283,"yes","no",15892.6401956957,5989.7689448424,-4089275.25232647,1298.80676760966,2.67180579216354,4.86509085746735,4,0,2029,NA,NA,NA,NA,NA,NA,NA,NA,NA,NA,NA,NA,NA,NA,NA,NA,NA,NA
"152",2030,25,0,6322.94963706731,3184362.72503346,"yes","no",16893.6934638748,5238.19222929932,-117793.971582466,542.555775597681,2.67180579216354,4.86509085746735,0,0,2029,11,342,7634.10024302112,5317661.7110412,"yes","no",12054.0726867375,7400.15498153184,-2105960.75254758,1037.32511012975,2.67180579216354,4.86509085746735,14,0,2029,NA,NA,NA,NA,NA,NA,NA,NA,NA,NA,NA,NA,NA,NA,NA,NA,NA,NA
"153",2030,25,0,6322.94963706731,3184362.72503346,"yes","no",16893.6934638748,5238.19222929932,-117793.971582466,542.555775597681,2.67180579216354,4.86509085746735,0,0,2029,6,342,7201.26072543292,3510631.59313752,"yes","no",10389.0008142549,8140.05398143088,-1296384.63935984,680.097046931468,2.67180579216354,4.86509085746735,19,0,2029,NA,NA,NA,NA,NA,NA,NA,NA,NA,NA,NA,NA,NA,NA,NA,NA,NA,NA
"154",2031,26,0,6038.39091080558,4172700.58654147,"yes","no",16615.0046327703,4906.45691982821,-162667.187088698,654.148175564196,2.75156161272005,4.9847245883021,0,0,2029,26,355,4363.1740751783,7647438.33023303,"yes","no",10235.9650660286,3022.70885499972,-5149009.21166278,796.254641971045,2.75156161272005,4.9847245883021,-1,0,2029,NA,NA,NA,NA,NA,NA,NA,NA,NA,NA,NA,NA,NA,NA,NA,NA,NA,NA
"155",2031,26,0,6038.39091080558,4172700.58654147,"yes","no",16615.0046327703,4906.45691982821,-162667.187088698,654.148175564196,2.75156161272005,4.9847245883021,0,0,2029,17,355,6699.37171133231,10177728.4279986,"yes","no",12223.4049208127,5599.68263219065,-5088622.45370211,1581.71735902813,2.75156161272005,4.9847245883021,9,0,2029,NA,NA,NA,NA,NA,NA,NA,NA,NA,NA,NA,NA,NA,NA,NA,NA,NA,NA
"156",2031,26,0,6038.39091080558,4172700.58654147,"yes","no",16615.0046327703,4906.45691982821,-162667.187088698,654.148175564196,2.75156161272005,4.9847245883021,0,0,2029,2,262.391780483775,6038.39091080558,4172700.58654147,"yes","no",5811.92409276278,5535.16580263122,-1079862.48698975,654.148175564196,2.75156161272005,4.9847245883021,24,0,2029,NA,NA,NA,NA,NA,NA,NA,NA,NA,NA,NA,NA,NA,NA,NA,NA,NA,NA
"157",2031,26,0,6038.39091080558,4172700.58654147,"yes","no",16615.0046327703,4906.45691982821,-162667.187088698,654.148175564196,2.75156161272005,4.9847245883021,0,0,2029,12,355,7169.65506586184,7714864.54295288,"yes","no",11147.4827717242,6517.70230207502,-3139780.16896372,1339.67375068311,2.75156161272005,4.9847245883021,14,0,2029,NA,NA,NA,NA,NA,NA,NA,NA,NA,NA,NA,NA,NA,NA,NA,NA,NA,NA
"158",2031,26,0,6038.39091080558,4172700.58654147,"yes","no",16615.0046327703,4906.45691982821,-162667.187088698,654.148175564196,2.75156161272005,4.9847245883021,0,0,2029,22,355,6711.2620976637,10011573.3788474,"yes","no",14654.921676753,5260.27224028166,-5915594.02905971,1562.73948498251,2.75156161272005,4.9847245883021,4,0,2029,NA,NA,NA,NA,NA,NA,NA,NA,NA,NA,NA,NA,NA,NA,NA,NA,NA,NA
"159",2031,26,0,6038.39091080558,4172700.58654147,"yes","no",16615.0046327703,4906.45691982821,-162667.187088698,654.148175564196,2.75156161272005,4.9847245883021,0,0,2029,7,355,7096.55513969902,4982761.41078941,"yes","no",10569.6080529887,7887.20426555463,-1899597.58685617,907.167243490785,2.75156161272005,4.9847245883021,19,0,2029,NA,NA,NA,NA,NA,NA,NA,NA,NA,NA,NA,NA,NA,NA,NA,NA,NA,NA
"160",2031,26,0,6038.39091080558,4172700.58654147,"yes","no",16615.0046327703,4906.45691982821,-162667.187088698,654.148175564196,2.75156161272005,4.9847245883021,0,0,2029,26,355,6664.00090600244,10135919.917697,"yes","no",16566.8318512407,4892.23136392213,-6847003.69767396,1567.67977855442,2.75156161272005,4.9847245883021,0,0,2029,NA,NA,NA,NA,NA,NA,NA,NA,NA,NA,NA,NA,NA,NA,NA,NA,NA,NA
"161",2032,27,0,5655.39843552182,5271534.43838728,"yes","no",16012.2281826178,4503.29082227054,-211975.323556225,750.180017434649,2.83131743327655,5.14423622941511,0,0,2029,18,367,5752.66511633345,13072151.0297119,"yes","no",10694.8301939134,4666.11898816499,-6765003.12050974,1667.21063167817,2.83131743327655,5.14423622941511,9,0,2029,NA,NA,NA,NA,NA,NA,NA,NA,NA,NA,NA,NA,NA,NA,NA,NA,NA,NA
"162",2032,27,0,5655.39843552182,5271534.43838728,"yes","no",16012.2281826178,4503.29082227054,-211975.323556225,750.180017434649,2.83131743327655,5.14423622941511,0,0,2029,13,367,6441.33125574385,10536040.5314607,"yes","no",9772.01709806265,5441.42477127217,-4487796.06621529,1564.12207013246,2.83131743327655,5.14423622941511,14,0,2029,NA,NA,NA,NA,NA,NA,NA,NA,NA,NA,NA,NA,NA,NA,NA,NA,NA,NA
"163",2032,27,0,5655.39843552182,5271534.43838728,"yes","no",16012.2281826178,4503.29082227054,-211975.323556225,750.180017434649,2.83131743327655,5.14423622941511,0,0,2029,27,367,4253.43978071821,7861716.42849664,"yes","no",10154.9035063441,2855.97252547308,-5492495.14916291,794.770735043441,2.83131743327655,5.14423622941511,-1,0,2029,NA,NA,NA,NA,NA,NA,NA,NA,NA,NA,NA,NA,NA,NA,NA,NA,NA,NA
"164",2032,27,0,5655.39843552182,5271534.43838728,"yes","no",16012.2281826178,4503.29082227054,-211975.323556225,750.180017434649,2.83131743327655,5.14423622941511,0,0,2029,8,367,6788.7997014664,6915004.00692985,"yes","no",10395.861358622,7388.14457819382,-2662658.52930181,1151.48377657607,2.83131743327655,5.14423622941511,19,0,2029,NA,NA,NA,NA,NA,NA,NA,NA,NA,NA,NA,NA,NA,NA,NA,NA,NA,NA
"165",2032,27,0,5655.39843552182,5271534.43838728,"yes","no",16012.2281826178,4503.29082227054,-211975.323556225,750.180017434649,2.83131743327655,5.14423622941511,0,0,2029,27,367,5732.04050099729,12980670.9062383,"yes","no",14341.2915025255,4033.35536230604,-9105941.85131777,1651.57551696674,2.83131743327655,5.14423622941511,0,0,2029,NA,NA,NA,NA,NA,NA,NA,NA,NA,NA,NA,NA,NA,NA,NA,NA,NA,NA
"166",2032,27,0,5655.39843552182,5271534.43838728,"yes","no",16012.2281826178,4503.29082227054,-211975.323556225,750.180017434649,2.83131743327655,5.14423622941511,0,0,2029,23,367,5782.50804916076,12888884.0699956,"yes","no",12511.278468451,4276.97893156881,-8148518.48206882,1656.69669272421,2.83131743327655,5.14423622941511,4,0,2029,NA,NA,NA,NA,NA,NA,NA,NA,NA,NA,NA,NA,NA,NA,NA,NA,NA,NA
"167",2032,27,0,5655.39843552182,5271534.43838728,"yes","no",16012.2281826178,4503.29082227054,-211975.323556225,750.180017434649,2.83131743327655,5.14423622941511,0,0,2029,3,367,5917.7902160056,5272683.70318482,"yes","no",6455.05144049515,5854.9219414922,-1959630.13464153,786.87350851556,2.83131743327655,5.14423622941511,24,0,2029,NA,NA,NA,NA,NA,NA,NA,NA,NA,NA,NA,NA,NA,NA,NA,NA,NA,NA
"168",2033,28,0,5192.28550512388,6350232.7753787,"yes","no",15529.2384512559,4159.48041452276,-261490.633494298,808.853303146462,2.99082907438955,5.18411413969336,0,0,2029,14,380,5532.20663404043,13179675.0034248,"yes","no",8563.68011597454,4541.50240559787,-5845913.30772551,1613.00941237551,2.99082907438955,5.18411413969336,14,0,2029,NA,NA,NA,NA,NA,NA,NA,NA,NA,NA,NA,NA,NA,NA,NA,NA,NA,NA
"169",2033,28,0,5192.28550512388,6350232.7753787,"yes","no",15529.2384512559,4159.48041452276,-261490.633494298,808.853303146462,2.99082907438955,5.18411413969336,0,0,2029,24,380,4805.76741560764,14888915.563443,"yes","no",10784.5451232502,3511.1384382009,-9362759.18859444,1543.97912151251,2.99082907438955,5.18411413969336,4,0,2029,NA,NA,NA,NA,NA,NA,NA,NA,NA,NA,NA,NA,NA,NA,NA,NA,NA,NA
"170",2033,28,0,5192.28550512388,6350232.7753787,"yes","no",15529.2384512559,4159.48041452276,-261490.633494298,808.853303146462,2.99082907438955,5.18411413969336,0,0,2029,9,380,6267.06548532787,9184245.27584646,"yes","no",9761.04097789164,6606.65674821205,-3532506.75833141,1353.52946297793,2.99082907438955,5.18411413969336,19,0,2029,NA,NA,NA,NA,NA,NA,NA,NA,NA,NA,NA,NA,NA,NA,NA,NA,NA,NA
"171",2033,28,0,5192.28550512388,6350232.7753787,"yes","no",15529.2384512559,4159.48041452276,-261490.633494298,808.853303146462,2.99082907438955,5.18411413969336,0,0,2029,4,380,5777.4869459445,6525331.80380037,"yes","no",7037.20805209533,6079.0049040884,-2215535.4850039,925.504215749997,2.99082907438955,5.18411413969336,24,0,2029,NA,NA,NA,NA,NA,NA,NA,NA,NA,NA,NA,NA,NA,NA,NA,NA,NA,NA
"172",2033,28,0,5192.28550512388,6350232.7753787,"yes","no",15529.2384512559,4159.48041452276,-261490.633494298,808.853303146462,2.99082907438955,5.18411413969336,0,0,2029,28,380,4761.9272791974,14911596.9667305,"yes","no",12272.1471836688,3287.0739936692,-10787508.253328,1531.58873199473,2.99082907438955,5.18411413969336,0,0,2029,NA,NA,NA,NA,NA,NA,NA,NA,NA,NA,NA,NA,NA,NA,NA,NA,NA,NA
"173",2033,28,0,5192.28550512388,6350232.7753787,"yes","no",15529.2384512559,4159.48041452276,-261490.633494298,808.853303146462,2.99082907438955,5.18411413969336,0,0,2029,19,380,4766.75104737116,15037637.2146072,"yes","no",8878.80659160364,3689.32752938487,-8065467.89672364,1543.58222294956,2.99082907438955,5.18411413969336,9,0,2029,NA,NA,NA,NA,NA,NA,NA,NA,NA,NA,NA,NA,NA,NA,NA,NA,NA,NA
"174",2033,28,0,5192.28550512388,6350232.7753787,"yes","no",15529.2384512559,4159.48041452276,-261490.633494298,808.853303146462,2.99082907438955,5.18411413969336,0,0,2029,28,380,4160.78506405433,7967281.83566816,"yes","no",10474.233568776,2805.50585421251,-5738566.04142495,786.190147488547,2.99082907438955,5.18411413969336,-1,0,2029,NA,NA,NA,NA,NA,NA,NA,NA,NA,NA,NA,NA,NA,NA,NA,NA,NA,NA
"175",2034,29,0,4687.83106527538,7227230.66133038,"yes","no",14394.3832590935,3671.91557999366,-301382.218433897,815.655704114468,3.07058489494605,5.26386996024986,0,0,2029,25,392,3983.44395080007,15364724.1243029,"no","no",8735.87300437925,2708.71388696249,-9716609.49254375,1309.7007768217,3.07058489494605,5.26386996024986,4,0,2029,NA,NA,NA,NA,NA,NA,NA,NA,NA,NA,NA,NA,NA,NA,NA,NA,NA,NA
"176",2034,29,0,4687.83106527538,7227230.66133038,"yes","no",14394.3832590935,3671.91557999366,-301382.218433897,815.655704114468,3.07058489494605,5.26386996024986,0,0,2029,10,392,5580.32682984598,11416233.8030729,"yes","no",8396.38200553346,5412.38270473753,-4434476.3811122,1444.64735426813,3.07058489494605,5.26386996024986,19,0,2029,NA,NA,NA,NA,NA,NA,NA,NA,NA,NA,NA,NA,NA,NA,NA,NA,NA,NA
"177",2034,29,0,4687.83106527538,7227230.66133038,"yes","no",14394.3832590935,3671.91557999366,-301382.218433897,815.655704114468,3.07058489494605,5.26386996024986,0,0,2029,29,392,3953.03884625305,15314008.4791738,"no","no",10074.7043460217,2569.99297476789,-11501987.9847736,1296.15101397801,3.07058489494605,5.26386996024986,0,0,2029,NA,NA,NA,NA,NA,NA,NA,NA,NA,NA,NA,NA,NA,NA,NA,NA,NA,NA
"178",2034,29,0,4687.83106527538,7227230.66133038,"yes","no",14394.3832590935,3671.91557999366,-301382.218433897,815.655704114468,3.07058489494605,5.26386996024986,0,0,2029,15,392,4619.01622555497,14823393.8849297,"yes","no",7003.56762567624,3537.27756436598,-6850544.22621851,1477.95842345881,3.07058489494605,5.26386996024986,14,0,2029,NA,NA,NA,NA,NA,NA,NA,NA,NA,NA,NA,NA,NA,NA,NA,NA,NA,NA
"179",2034,29,0,4687.83106527538,7227230.66133038,"yes","no",14394.3832590935,3671.91557999366,-301382.218433897,815.655704114468,3.07058489494605,5.26386996024986,0,0,2029,20,392,3946.10727470568,15439459.5278842,"no","no",7234.44508755929,2862.91558131951,-8518463.92530922,1302.36287315609,3.07058489494605,5.26386996024986,9,0,2029,NA,NA,NA,NA,NA,NA,NA,NA,NA,NA,NA,NA,NA,NA,NA,NA,NA,NA
"180",2034,29,0,4687.83106527538,7227230.66133038,"yes","no",14394.3832590935,3671.91557999366,-301382.218433897,815.655704114468,3.07058489494605,5.26386996024986,0,0,2029,5,392,5520.81810662481,7886022.47489496,"yes","no",7136.73943786889,5871.41319747956,-2839593.4314808,1041.7057180669,3.07058489494605,5.26386996024986,24,0,2029,NA,NA,NA,NA,NA,NA,NA,NA,NA,NA,NA,NA,NA,NA,NA,NA,NA,NA
"181",2034,29,0,4687.83106527538,7227230.66133038,"yes","no",14394.3832590935,3671.91557999366,-301382.218433897,815.655704114468,3.07058489494605,5.26386996024986,0,0,2029,29,392,4092.50356140823,7980376.13684173,"no","no",10502.9425937551,2679.233826946,-5968499.38972162,774.109006685601,3.07058489494605,5.26386996024986,-1,0,2029,NA,NA,NA,NA,NA,NA,NA,NA,NA,NA,NA,NA,NA,NA,NA,NA,NA,NA
"182",2035,30,0,4193.55625446176,7732600.39017144,"yes","no",13378.3612712435,3250.22365304349,-323204.037404561,772.021618622231,3.19021862578081,5.38350369108461,0,0,2029,26,405,3426.93147861214,14426304.0045278,"no","no",7410.59964770875,2188.37061591085,-9752898.02368095,1069.07963560604,3.19021862578081,5.38350369108461,4,0,2029,NA,NA,NA,NA,NA,NA,NA,NA,NA,NA,NA,NA,NA,NA,NA,NA,NA,NA
"183",2035,30,0,4193.55625446176,7732600.39017144,"yes","no",13378.3612712435,3250.22365304349,-323204.037404561,772.021618622231,3.19021862578081,5.38350369108461,0,0,2029,30,405,3410.63600798664,14331768.1789327,"no","no",8700.3555235484,2113.7193666094,-11122128.6667454,1058.25778068778,3.19021862578081,5.38350369108461,0,0,2029,NA,NA,NA,NA,NA,NA,NA,NA,NA,NA,NA,NA,NA,NA,NA,NA,NA,NA
"184",2035,30,0,4193.55625446176,7732600.39017144,"yes","no",13378.3612712435,3250.22365304349,-323204.037404561,772.021618622231,3.19021862578081,5.38350369108461,0,0,2029,11,405,4840.30775293372,13058202.6420736,"yes","no",7072.48207770592,4341.89048293315,-5200685.81736125,1397.51876994126,3.19021862578081,5.38350369108461,19,0,2029,NA,NA,NA,NA,NA,NA,NA,NA,NA,NA,NA,NA,NA,NA,NA,NA,NA,NA
"185",2035,30,0,4193.55625446176,7732600.39017144,"yes","no",13378.3612712435,3250.22365304349,-323204.037404561,772.021618622231,3.19021862578081,5.38350369108461,0,0,2029,1,0,4193.55625446176,7732600.39017144,"yes","no",4193.55625446176,4193.55625446176,-2467517.74094523,772.021618622231,3.19021862578081,5.38350369108461,29,0,2029,NA,NA,NA,NA,NA,NA,NA,NA,NA,NA,NA,NA,NA,NA,NA,NA,NA,NA
"186",2035,30,0,4193.55625446176,7732600.39017144,"yes","no",13378.3612712435,3250.22365304349,-323204.037404561,772.021618622231,3.19021862578081,5.38350369108461,0,0,2029,16,405,3878.72367181676,14998302.6261938,"no","no",5873.91647351968,2825.45425652118,-7227765.08881486,1250.36685405344,3.19021862578081,5.38350369108461,14,0,2029,NA,NA,NA,NA,NA,NA,NA,NA,NA,NA,NA,NA,NA,NA,NA,NA,NA,NA
"187",2035,30,0,4193.55625446176,7732600.39017144,"yes","no",13378.3612712435,3250.22365304349,-323204.037404561,772.021618622231,3.19021862578081,5.38350369108461,0,0,2029,30,405,4050.16996428058,7927548.65032476,"no","no",10740.6086627366,2609.39136086475,-6128529.40884333,761.475433077702,3.19021862578081,5.38350369108461,-1,0,2029,NA,NA,NA,NA,NA,NA,NA,NA,NA,NA,NA,NA,NA,NA,NA,NA,NA,NA
"188",2035,30,0,4193.55625446176,7732600.39017144,"yes","no",13378.3612712435,3250.22365304349,-323204.037404561,772.021618622231,3.19021862578081,5.38350369108461,0,0,2029,21,405,3397.92915261256,14427399.4356505,"no","no",6137.28035863827,2313.0764206138,-8289577.49059087,1060.01010198301,3.19021862578081,5.38350369108461,9,0,2029,NA,NA,NA,NA,NA,NA,NA,NA,NA,NA,NA,NA,NA,NA,NA,NA,NA,NA
"189",2035,30,0,4193.55625446176,7732600.39017144,"yes","no",13378.3612712435,3250.22365304349,-323204.037404561,772.021618622231,3.19021862578081,5.38350369108461,0,0,2029,6,405,5172.33311580082,9191386.14642181,"yes","no",7118.06837484046,5577.19282639911,-3425141.96090019,1112.10808453078,3.19021862578081,5.38350369108461,24,0,2029,NA,NA,NA,NA,NA,NA,NA,NA,NA,NA,NA,NA,NA,NA,NA,NA,NA,NA
"190",2036,31,0,3757.88411969401,7785556.53096752,"no","no",12288.1850436962,2843.20890402149,-324694.21255614,694.250621012535,3.26997444633731,5.50313742191936,0,0,2029,27,417,3134.53286995073,12728221.6635963,"no","no",6729.71105220377,1892.6688823246,-8919803.10983101,881.144045074474,3.26997444633731,5.50313742191936,4,0,2029,NA,NA,NA,NA,NA,NA,NA,NA,NA,NA,NA,NA,NA,NA,NA,NA,NA,NA
"191",2036,31,0,3757.88411969401,7785556.53096752,"no","no",12288.1850436962,2843.20890402149,-324694.21255614,694.250621012535,3.26997444633731,5.50313742191936,0,0,2029,7,417,4780.35962156842,10235125.739597,"yes","no",6633.43717561985,4949.97295306931,-3922237.03339951,1124.96903544889,3.26997444633731,5.50313742191936,24,0,2029,NA,NA,NA,NA,NA,NA,NA,NA,NA,NA,NA,NA,NA,NA,NA,NA,NA,NA
"192",2036,31,0,3757.88411969401,7785556.53096752,"no","no",12288.1850436962,2843.20890402149,-324694.21255614,694.250621012535,3.26997444633731,5.50313742191936,0,0,2029,17,417,3396.05268650466,13938561.7374229,"no","no",5260.4796388882,2409.88633377584,-6972786.174202,1029.97958645264,3.26997444633731,5.50313742191936,14,0,2029,NA,NA,NA,NA,NA,NA,NA,NA,NA,NA,NA,NA,NA,NA,NA,NA,NA,NA
"193",2036,31,0,3757.88411969401,7785556.53096752,"no","no",12288.1850436962,2843.20890402149,-324694.21255614,694.250621012535,3.26997444633731,5.50313742191936,0,0,2029,12,417,4183.43247734767,13681393.0593776,"no","no",5826.59117889542,3406.68718827388,-5581334.54391656,1252.49807893873,3.26997444633731,5.50313742191936,19,0,2029,NA,NA,NA,NA,NA,NA,NA,NA,NA,NA,NA,NA,NA,NA,NA,NA,NA,NA
"194",2036,31,0,3757.88411969401,7785556.53096752,"no","no",12288.1850436962,2843.20890402149,-324694.21255614,694.250621012535,3.26997444633731,5.50313742191936,0,0,2029,2,417,3757.88411969401,7785556.53096752,"no","no",3113.67816470466,2965.4077759092,-2031614.15574733,694.250621012535,3.26997444633731,5.50313742191936,29,0,2029,NA,NA,NA,NA,NA,NA,NA,NA,NA,NA,NA,NA,NA,NA,NA,NA,NA,NA
"195",2036,31,0,3757.88411969401,7785556.53096752,"no","no",12288.1850436962,2843.20890402149,-324694.21255614,694.250621012535,3.26997444633731,5.50313742191936,0,0,2029,22,417,3115.26216999263,12682812.1569633,"no","no",5615.76810482535,2015.73708282125,-7494147.02230219,873.064946942593,3.26997444633731,5.50313742191936,9,0,2029,NA,NA,NA,NA,NA,NA,NA,NA,NA,NA,NA,NA,NA,NA,NA,NA,NA,NA
"196",2036,31,0,3757.88411969401,7785556.53096752,"no","no",12288.1850436962,2843.20890402149,-324694.21255614,694.250621012535,3.26997444633731,5.50313742191936,0,0,2029,31,417,4034.45646387452,7837449.25534708,"no","no",10897.7612367897,2521.4961910291,-6257597.26124907,750.886054646809,3.26997444633731,5.50313742191936,-1,0,2029,NA,NA,NA,NA,NA,NA,NA,NA,NA,NA,NA,NA,NA,NA,NA,NA,NA,NA
"197",2036,31,0,3757.88411969401,7785556.53096752,"no","no",12288.1850436962,2843.20890402149,-324694.21255614,694.250621012535,3.26997444633731,5.50313742191936,0,0,2029,31,417,3129.24106717732,12625150.4983945,"no","no",7937.73002115874,1836.61172041472,-10111981.5464713,873.69451636131,3.26997444633731,5.50313742191936,0,0,2029,NA,NA,NA,NA,NA,NA,NA,NA,NA,NA,NA,NA,NA,NA,NA,NA,NA,NA
"198",2037,32,0,3411.87111265775,7428578.67651352,"no","no",11700.9645130334,2578.41839603656,-309719.707577725,603.524911473176,3.42948608745031,5.54300113571834,0,0,2029,28,430,3045.53972051788,10910129.0724861,"no","no",6879.51966326498,1842.6677773346,-7873803.5045408,751.500751462778,3.42948608745031,5.54300113571834,4,0,2029,NA,NA,NA,NA,NA,NA,NA,NA,NA,NA,NA,NA,NA,NA,NA,NA,NA,NA
"199",2037,32,0,3411.87111265775,7428578.67651352,"no","no",11700.9645130334,2578.41839603656,-309719.707577725,603.524911473176,3.42948608745031,5.54300113571834,0,0,2029,18,430,3154.48104774829,12281303.6472718,"no","no",4952.29912641361,2160.6717049124,-6347752.92487537,860.703455417401,3.42948608745031,5.54300113571834,14,0,2029,NA,NA,NA,NA,NA,NA,NA,NA,NA,NA,NA,NA,NA,NA,NA,NA,NA,NA
"200",2037,32,0,3411.87111265775,7428578.67651352,"no","no",11700.9645130334,2578.41839603656,-309719.707577725,603.524911473176,3.42948608745031,5.54300113571834,0,0,2029,8,430,4400.972254569,10848897.2270819,"yes","no",6114.66231703468,4345.57634876674,-4187751.25855575,1086.55553555508,3.42948608745031,5.54300113571834,24,0,2029,NA,NA,NA,NA,NA,NA,NA,NA,NA,NA,NA,NA,NA,NA,NA,NA,NA,NA
"201",2037,32,0,3411.87111265775,7428578.67651352,"no","no",11700.9645130334,2578.41839603656,-309719.707577725,603.524911473176,3.42948608745031,5.54300113571834,0,0,2029,32,430,3047.62577491464,10819845.1748437,"no","no",8068.29970646586,1777.92628673607,-8962057.46239065,746.707166028546,3.42948608745031,5.54300113571834,0,0,2029,NA,NA,NA,NA,NA,NA,NA,NA,NA,NA,NA,NA,NA,NA,NA,NA,NA,NA
"202",2037,32,0,3411.87111265775,7428578.67651352,"no","no",11700.9645130334,2578.41839603656,-309719.707577725,603.524911473176,3.42948608745031,5.54300113571834,0,0,2029,13,430,3700.57977756755,13274009.2013644,"no","no",4853.74317991272,2702.74582079954,-5655233.45057623,1079.10891543858,3.42948608745031,5.54300113571834,19,0,2029,NA,NA,NA,NA,NA,NA,NA,NA,NA,NA,NA,NA,NA,NA,NA,NA,NA,NA
"203",2037,32,0,3411.87111265775,7428578.67651352,"no","no",11700.9645130334,2578.41839603656,-309719.707577725,603.524911473176,3.42948608745031,5.54300113571834,0,0,2029,3,430,3828.87111265775,7430405.11871263,"no","no",3794.56104673818,3441.77872720016,-2765326.42566176,679.129658811728,3.42948608745031,5.54300113571834,29,0,2029,NA,NA,NA,NA,NA,NA,NA,NA,NA,NA,NA,NA,NA,NA,NA,NA,NA,NA
"204",2037,32,0,3411.87111265775,7428578.67651352,"no","no",11700.9645130334,2578.41839603656,-309719.707577725,603.524911473176,3.42948608745031,5.54300113571834,0,0,2029,23,430,3034.71986162559,10846069.6333584,"no","no",5411.10160336638,1849.78438554741,-6842765.53431879,745.045354370445,3.42948608745031,5.54300113571834,9,0,2029,NA,NA,NA,NA,NA,NA,NA,NA,NA,NA,NA,NA,NA,NA,NA,NA,NA,NA
"205",2037,32,0,3411.87111265775,7428578.67651352,"no","no",11700.9645130334,2578.41839603656,-309719.707577725,603.524911473176,3.42948608745031,5.54300113571834,0,0,2029,32,430,4041.50254596543,7737959.16399137,"no","no",11476.7862654246,2529.01859510717,-6395086.44849353,743.834937291748,3.42948608745031,5.54300113571834,-1,0,2029,NA,NA,NA,NA,NA,NA,NA,NA,NA,NA,NA,NA,NA,NA,NA,NA,NA,NA
"206",2038,33,0,3165.06349934174,6792787.68221162,"no","no",11233.1895916444,2357.46643807912,-279780.847248883,516.253269657484,3.54911981828507,5.70251277683135,0,0,2029,24,442,3093.62012895687,9261334.60549054,"no","no",5974.18887801961,1945.02447409346,-5802348.11347096,663.001734640855,3.54911981828507,5.70251277683135,9,0,2029,NA,NA,NA,NA,NA,NA,NA,NA,NA,NA,NA,NA,NA,NA,NA,NA,NA,NA
"207",2038,33,0,3165.06349934174,6792787.68221162,"no","no",11233.1895916444,2357.46643807912,-279780.847248883,516.253269657484,3.54911981828507,5.70251277683135,0,0,2029,33,442,3104.49074380778,9256315.31600023,"no","no",8497.69897717128,1783.37950910057,-7900418.06380247,665.052052114891,3.54911981828507,5.70251277683135,0,0,2029,NA,NA,NA,NA,NA,NA,NA,NA,NA,NA,NA,NA,NA,NA,NA,NA,NA,NA
"208",2038,33,0,3165.06349934174,6792787.68221162,"no","no",11233.1895916444,2357.46643807912,-279780.847248883,516.253269657484,3.54911981828507,5.70251277683135,0,0,2029,29,442,3097.83961974556,9326649.72639517,"no","no",7185.5490209257,1832.98783461786,-6981172.63079097,667.987542580171,3.54911981828507,5.70251277683135,4,0,2029,NA,NA,NA,NA,NA,NA,NA,NA,NA,NA,NA,NA,NA,NA,NA,NA,NA,NA
"209",2038,33,0,3165.06349934174,6792787.68221162,"no","no",11233.1895916444,2357.46643807912,-279780.847248883,516.253269657484,3.54911981828507,5.70251277683135,0,0,2029,19,442,3097.58692497339,10578711.1297128,"no","no",4960.74566136908,2061.29228584311,-5659115.90909464,744.611618613233,3.54911981828507,5.70251277683135,14,0,2029,NA,NA,NA,NA,NA,NA,NA,NA,NA,NA,NA,NA,NA,NA,NA,NA,NA,NA
"210",2038,33,0,3165.06349934174,6792787.68221162,"no","no",11233.1895916444,2357.46643807912,-279780.847248883,516.253269657484,3.54911981828507,5.70251277683135,0,0,2029,33,442,4068.13148944917,7651054.36211244,"no","no",11917.7754452341,2501.13784686776,-6522608.81991056,741.453490589482,3.54911981828507,5.70251277683135,-1,0,2029,NA,NA,NA,NA,NA,NA,NA,NA,NA,NA,NA,NA,NA,NA,NA,NA,NA,NA
"211",2038,33,0,3165.06349934174,6792787.68221162,"no","no",11233.1895916444,2357.46643807912,-279780.847248883,516.253269657484,3.54911981828507,5.70251277683135,0,0,2029,4,442,3925.11888530472,7170266.65940954,"no","no",4492.82742002353,3881.07324912949,-2434206.94214437,675.019121455657,3.54911981828507,5.70251277683135,29,0,2029,NA,NA,NA,NA,NA,NA,NA,NA,NA,NA,NA,NA,NA,NA,NA,NA,NA,NA
"212",2038,33,0,3165.06349934174,6792787.68221162,"no","no",11233.1895916444,2357.46643807912,-279780.847248883,516.253269657484,3.54911981828507,5.70251277683135,0,0,2029,9,442,4084.32425731804,10977618.5325377,"no","no",5748.51791619019,3890.82319900464,-4224108.6848912,1017.25047711914,3.54911981828507,5.70251277683135,24,0,2029,NA,NA,NA,NA,NA,NA,NA,NA,NA,NA,NA,NA,NA,NA,NA,NA,NA,NA
"213",2038,33,0,3165.06349934174,6792787.68221162,"no","no",11233.1895916444,2357.46643807912,-279780.847248883,516.253269657484,3.54911981828507,5.70251277683135,0,0,2029,14,442,3414.39545642632,12190110.0685169,"no","no",4540.76753654333,2408.06597294597,-5400365.73822869,926.649589729946,3.54911981828507,5.70251277683135,19,0,2029,NA,NA,NA,NA,NA,NA,NA,NA,NA,NA,NA,NA,NA,NA,NA,NA,NA,NA
"214",2039,34,0,3010.82671298334,6029934.11674407,"no","no",10925.9157115187,2183.79052073007,-245926.70348359,440.868342181322,3.62887563884157,5.78226859738785,0,0,2029,15,455,3297.11230255606,10865367.823645,"no","no",4342.55106402863,2193.28337668745,-5009862.84410133,811.535084363641,3.62887563884157,5.78226859738785,19,0,2029,NA,NA,NA,NA,NA,NA,NA,NA,NA,NA,NA,NA,NA,NA,NA,NA,NA,NA
"215",2039,34,0,3010.82671298334,6029934.11674407,"no","no",10925.9157115187,2183.79052073007,-245926.70348359,440.868342181322,3.62887563884157,5.78226859738785,0,0,2029,30,455,3241.14152704134,8095451.88820207,"no","no",7890.45588891542,1916.95722992428,-6256828.88713473,617.927370482216,3.62887563884157,5.78226859738785,4,0,2029,NA,NA,NA,NA,NA,NA,NA,NA,NA,NA,NA,NA,NA,NA,NA,NA,NA,NA
"216",2039,34,0,3010.82671298334,6029934.11674407,"no","no",10925.9157115187,2183.79052073007,-245926.70348359,440.868342181322,3.62887563884157,5.78226859738785,0,0,2029,20,455,3166.81831351712,9122479.71263406,"no","no",5184.23514784005,2051.57788915954,-5014917.08498346,670.060113058658,3.62887563884157,5.78226859738785,14,0,2029,NA,NA,NA,NA,NA,NA,NA,NA,NA,NA,NA,NA,NA,NA,NA,NA,NA,NA
"217",2039,34,0,3010.82671298334,6029934.11674407,"no","no",10925.9157115187,2183.79052073007,-245926.70348359,440.868342181322,3.62887563884157,5.78226859738785,0,0,2029,34,455,4108.17826354791,7593792.07714261,"no","no",12277.135808796,2453.86231313308,-6729276.96247266,743.995458840484,3.62887563884157,5.78226859738785,-1,0,2029,NA,NA,NA,NA,NA,NA,NA,NA,NA,NA,NA,NA,NA,NA,NA,NA,NA,NA
"218",2039,34,0,3010.82671298334,6029934.11674407,"no","no",10925.9157115187,2183.79052073007,-245926.70348359,440.868342181322,3.62887563884157,5.78226859738785,0,0,2029,5,455,4034.14366958166,7013823.84728155,"no","no",4862.6543710851,4000.51778514927,-2521599.60889983,680.828672563126,3.62887563884157,5.78226859738785,29,0,2029,NA,NA,NA,NA,NA,NA,NA,NA,NA,NA,NA,NA,NA,NA,NA,NA,NA,NA
"219",2039,34,0,3010.82671298334,6029934.11674407,"no","no",10925.9157115187,2183.79052073007,-245926.70348359,440.868342181322,3.62887563884157,5.78226859738785,0,0,2029,10,455,3857.19712095811,10697615.2484396,"no","no",5253.24732328289,3386.29006368543,-4150785.04524419,938.979730179784,3.62887563884157,5.78226859738785,24,0,2029,NA,NA,NA,NA,NA,NA,NA,NA,NA,NA,NA,NA,NA,NA,NA,NA,NA,NA
"220",2039,34,0,3010.82671298334,6029934.11674407,"no","no",10925.9157115187,2183.79052073007,-245926.70348359,440.868342181322,3.62887563884157,5.78226859738785,0,0,2029,25,455,3241.88239001746,8036900.82540614,"no","no",6448.06380701399,1999.33767001002,-5058460.59154902,614.133390242712,3.62887563884157,5.78226859738785,9,0,2029,NA,NA,NA,NA,NA,NA,NA,NA,NA,NA,NA,NA,NA,NA,NA,NA,NA,NA
"221",2039,34,0,3010.82671298334,6029934.11674407,"no","no",10925.9157115187,2183.79052073007,-245926.70348359,440.868342181322,3.62887563884157,5.78226859738785,0,0,2029,34,455,3250.40971027846,8044619.96451786,"no","no",9164.40040207212,1831.71198228456,-7129447.1535904,616.298589827481,3.62887563884157,5.78226859738785,0,0,2029,NA,NA,NA,NA,NA,NA,NA,NA,NA,NA,NA,NA,NA,NA,NA,NA,NA,NA
"222",2040,35,0,2934.59401638201,5261033.95777579,"no","no",11117.3786434924,2116.24638398395,-213527.318371071,379.635598633287,3.78838727995457,5.78226859738785,0,0,2029,35,467,3451.61585289235,7177106.26616169,"no","no",10375.7381574068,1975.07155786489,-6354453.2270712,592.343986553237,3.78838727995457,5.78226859738785,0,0,2029,NA,NA,NA,NA,NA,NA,NA,NA,NA,NA,NA,NA,NA,NA,NA,NA,NA,NA
"223",2040,35,0,2934.59401638201,5261033.95777579,"no","no",11117.3786434924,2116.24638398395,-213527.318371071,379.635598633287,3.78838727995457,5.78226859738785,0,0,2029,31,467,3441.08084517002,7211466.78326303,"no","no",8682.28125545042,2008.8840853987,-5751191.36020729,593.004893040818,3.78838727995457,5.78226859738785,4,0,2029,NA,NA,NA,NA,NA,NA,NA,NA,NA,NA,NA,NA,NA,NA,NA,NA,NA,NA
"224",2040,35,0,2934.59401638201,5261033.95777579,"no","no",11117.3786434924,2116.24638398395,-213527.318371071,379.635598633287,3.78838727995457,5.78226859738785,0,0,2029,11,467,3726.28518111639,10160729.6581888,"no","no",4974.30788148077,3053.7935356333,-4038331.61294185,867.594202486346,3.78838727995457,5.78226859738785,24,0,2029,NA,NA,NA,NA,NA,NA,NA,NA,NA,NA,NA,NA,NA,NA,NA,NA,NA,NA
"225",2040,35,0,2934.59401638201,5261033.95777579,"no","no",11117.3786434924,2116.24638398395,-213527.318371071,379.635598633287,3.78838727995457,5.78226859738785,0,0,2029,6,467,4146.93048077904,6960305.76754173,"yes","no",5399.88520056773,4230.95135057059,-2587163.58417232,695.637097553362,3.78838727995457,5.78226859738785,29,0,2029,NA,NA,NA,NA,NA,NA,NA,NA,NA,NA,NA,NA,NA,NA,NA,NA,NA,NA
"226",2040,35,0,2934.59401638201,5261033.95777579,"no","no",11117.3786434924,2116.24638398395,-213527.318371071,379.635598633287,3.78838727995457,5.78226859738785,0,0,2029,26,467,3445.46505794436,7162316.94009123,"no","no",7152.54300867086,2112.16577514795,-4816581.6932944,590.18443204279,3.78838727995457,5.78226859738785,9,0,2029,NA,NA,NA,NA,NA,NA,NA,NA,NA,NA,NA,NA,NA,NA,NA,NA,NA,NA
"227",2040,35,0,2934.59401638201,5261033.95777579,"no","no",11117.3786434924,2116.24638398395,-213527.318371071,379.635598633287,3.78838727995457,5.78226859738785,0,0,2029,16,467,3308.01568840162,9606519.05848467,"no","no",4544.1573293992,2185.81737185641,-4615872.23579541,732.538826095375,3.78838727995457,5.78226859738785,19,0,2029,NA,NA,NA,NA,NA,NA,NA,NA,NA,NA,NA,NA,NA,NA,NA,NA,NA,NA
"228",2040,35,0,2934.59401638201,5261033.95777579,"no","no",11117.3786434924,2116.24638398395,-213527.318371071,379.635598633287,3.78838727995457,5.78226859738785,0,0,2029,35,467,4157.43730075783,7576351.80700578,"yes","no",13049.6631524195,2484.06601449,-6713851.42335668,751.611581866468,3.78838727995457,5.78226859738785,-1,0,2029,NA,NA,NA,NA,NA,NA,NA,NA,NA,NA,NA,NA,NA,NA,NA,NA,NA,NA
"229",2040,35,0,2934.59401638201,5261033.95777579,"no","no",11117.3786434924,2116.24638398395,-213527.318371071,379.635598633287,3.78838727995457,5.78226859738785,0,0,2029,21,467,3318.8252804756,8001085.85073875,"no","no",5666.83753170388,2135.77146684918,-4577611.76702614,626.507595639653,3.78838727995457,5.78226859738785,14,0,2029,NA,NA,NA,NA,NA,NA,NA,NA,NA,NA,NA,NA,NA,NA,NA,NA,NA,NA
"230",2041,36,0,2920.09230537157,4559588.14166426,"no","no",11411.7820828363,2068.84523017882,-181266.680865685,331.623274224677,3.90802101078932,5.9019023282226,0,0,2029,7,480,4253.65439338041,7004937.31080021,"yes","no",5604.61258889447,4182.24820601652,-2676193.63508229,718.070909621603,3.90802101078932,5.9019023282226,29,0,2029,NA,NA,NA,NA,NA,NA,NA,NA,NA,NA,NA,NA,NA,NA,NA,NA,NA,NA
"231",2041,36,0,2920.09230537157,4559588.14166426,"no","no",11411.7820828363,2068.84523017882,-181266.680865685,331.623274224677,3.90802101078932,5.9019023282226,0,0,2029,32,480,3670.4735773379,6629910.00577228,"no","no",9927.1975226895,2187.55203343109,-5469730.71396081,587.859170900455,3.90802101078932,5.9019023282226,4,0,2029,NA,NA,NA,NA,NA,NA,NA,NA,NA,NA,NA,NA,NA,NA,NA,NA,NA,NA
"232",2041,36,0,2920.09230537157,4559588.14166426,"no","no",11411.7820828363,2068.84523017882,-181266.680865685,331.623274224677,3.90802101078932,5.9019023282226,0,0,2029,17,480,3406.92920434717,8563342.80769352,"no","no",5033.88222538851,2306.07944779819,-4269343.01072854,682.964543608548,3.90802101078932,5.9019023282226,19,0,2029,NA,NA,NA,NA,NA,NA,NA,NA,NA,NA,NA,NA,NA,NA,NA,NA,NA,NA
"233",2041,36,0,2920.09230537157,4559588.14166426,"no","no",11411.7820828363,2068.84523017882,-181266.680865685,331.623274224677,3.90802101078932,5.9019023282226,0,0,2029,36,480,4209.69699390369,7604813.14339451,"yes","no",13618.6711836854,2468.93278501324,-6988227.97022401,763.804743810293,3.90802101078932,5.9019023282226,-1,0,2029,NA,NA,NA,NA,NA,NA,NA,NA,NA,NA,NA,NA,NA,NA,NA,NA,NA,NA
"234",2041,36,0,2920.09230537157,4559588.14166426,"no","no",11411.7820828363,2068.84523017882,-181266.680865685,331.623274224677,3.90802101078932,5.9019023282226,0,0,2029,36,480,3681.29760537271,6608777.45925609,"no","no",11553.6752712181,2094.56908679015,-6063427.69599621,587.962049998201,3.90802101078932,5.9019023282226,0,0,2029,NA,NA,NA,NA,NA,NA,NA,NA,NA,NA,NA,NA,NA,NA,NA,NA,NA,NA
"235",2041,36,0,2920.09230537157,4559588.14166426,"no","no",11411.7820828363,2068.84523017882,-181266.680865685,331.623274224677,3.90802101078932,5.9019023282226,0,0,2029,22,480,3519.8890140564,7205601.60182012,"no","no",6303.58692192697,2262.62439547625,-4239060.84215569,606.444425117253,3.90802101078932,5.9019023282226,14,0,2029,NA,NA,NA,NA,NA,NA,NA,NA,NA,NA,NA,NA,NA,NA,NA,NA,NA,NA
"236",2041,36,0,2920.09230537157,4559588.14166426,"no","no",11411.7820828363,2068.84523017882,-181266.680865685,331.623274224677,3.90802101078932,5.9019023282226,0,0,2029,27,480,3677.43893893603,6590385.75981488,"no","no",7942.76358750035,2233.82866888468,-4594453.92684568,585.874416472764,3.90802101078932,5.9019023282226,9,0,2029,NA,NA,NA,NA,NA,NA,NA,NA,NA,NA,NA,NA,NA,NA,NA,NA,NA,NA
"237",2041,36,0,2920.09230537157,4559588.14166426,"no","no",11411.7820828363,2068.84523017882,-181266.680865685,331.623274224677,3.90802101078932,5.9019023282226,0,0,2029,12,480,3680.73601256929,9525940.61542724,"no","no",4761.09626277976,2783.71437819416,-3876022.32400156,810.534982343627,3.90802101078932,5.9019023282226,24,0,2029,NA,NA,NA,NA,NA,NA,NA,NA,NA,NA,NA,NA,NA,NA,NA,NA,NA,NA
