"","debris","launch_successes","num_destr_asat","SSfrags","SDfrags"
"1",0.528001511723847,4.66422422705457,143.711385482723,305.210573369168,1125.15503001997
"2",0.696609300304273,3.33293121902509,114.608964970737,347.616802860163,0
"3",0.706073540601443,3.21127564154099,114.386668358551,340.625273067416,0
"4",0.706572218136974,3.2049862575181,114.371852340842,352.252237795352,0
"5",0.702443634475183,3.2576185960655,114.484133366887,343.52057053405,0
"6",0.707485238492937,3.1921742555026,114.383002455825,323.847495520935,0
"7",0.528334587191229,4.66046206332038,143.696014936993,322.029343618247,918.072455754428
"8",0.694935553193625,3.35586749353576,114.599226216004,350.49627299469,0
"9",0.524217590172969,4.7066163099293,143.864816330239,329.277898467737,1131.86330816693
"10",0.520025641432047,4.75340773899389,144.024558846138,326.920334313033,928.836502618949
"11",0.516330556512758,4.79520381538149,144.146266079705,334.315787241412,1144.01219767149
"12",0.699040767828841,3.3013808100547,114.56174669251,334.994461183018,0
"13",0.704343320531941,3.23325848983484,114.435323304142,328.222891203258,0
"14",0.5285246599752,4.65847660737108,143.687467933981,326.829950122997,1124.20381187886
"15",0.530639373801835,4.63527997138876,143.581311317189,303.535208993043,1121.02114460028
"16",0.704244039808903,3.23451821588661,114.438033011564,326.546835359433,0
"17",0.703718947021241,3.24125715320797,114.451806569781,334.123024552628,0
"18",0.705496216019537,3.21853294462009,114.403636853669,320.656826278772,0
"19",0.699207268155454,3.2991450611542,114.558708629345,316.33874735425,0
"20",0.521393447976831,4.73794636908296,143.980723749631,302.860218445271,1136.13932664736
"21",0.514990743304261,4.8105799292688,144.179490781165,335.095071815978,1146.20726518209
"22",0.527021454091763,4.67506951775066,143.752657305649,321.552782326107,892.333732860148
"23",0.523663578774595,4.71244301093387,143.898517412822,329.842815591164,1132.19291521029
"24",0.524329899953652,4.70535466064462,143.860542357889,329.213441980251,1131.66749657816
"25",0.520877576171645,4.74380126783381,143.997785224812,307.74505110297,1137.02135702701
"26",0.699377855242163,3.29700896253547,114.554777197367,330.992881761323,0
"27",0.701511348737766,3.26950148607943,114.507122334651,324.507389986905,0
"28",0.702184503711301,3.26082680101514,114.491098498607,317.151451270277,0
"29",0.523515356949104,4.71403196494819,143.904119690506,327.726192182744,993.405842375541
"30",0.702697165820345,3.25427904706476,114.478284714469,322.263883865241,0
"31",0.707610601523344,3.19073323956613,114.378445634593,361.497989535278,0
"32",0.699153433042928,3.30002001797785,114.558917469375,358.811694047984,0
"33",0.696960586781714,3.32832018604998,114.602793497186,335.874032262639,0
"34",0.5232072767745,4.71757693570179,143.915436668178,330.102367571058,1132.99201670308
"35",0.701227456707194,3.27323034763413,114.513380504529,343.399565952355,0
"36",0.699071722226275,3.30097511962909,114.561133173841,333.674074995589,0
"37",0.524338483077676,4.70516365626981,143.861416612556,301.475886454948,1131.65847386686
"38",0.701348820079199,3.27161887487219,114.510804381428,331.074599496105,0
"39",0.524189645029958,4.70679495639619,143.870876731938,239.237368214351,2252.3651297372
"40",0.702640832704687,3.25515032074566,114.478924848982,358.913520551439,0
"41",0.528031104232804,4.66388886468069,143.71017035438,303.553860108041,1125.1019719422
"42",0.704101695932667,3.23633380337755,114.441852015625,326.19147097085,0
"43",0.523736374393077,4.71154694838487,143.896771780789,306.692424922517,1132.06992952343
"44",0.703177380032524,3.24821671423018,114.465674867668,342.395349786512,0
"45",0.528477260311725,4.65886527035655,143.689733077327,321.43048718761,905.766346013139
"46",0.521754604461741,4.733960427509,143.967152166282,330.932377591446,1135.51232459313
"47",0.532549959379214,4.61407842305578,143.490156604039,278.312150198784,1117.50799536083
"48",0.525649165316471,4.69056039918183,143.808913971162,328.458796868811,1129.35154516925
"49",0.70334003460583,3.2461211350368,114.461568166921,338.793497424318,0
"50",0.695916322453324,3.34304245231255,114.582709858281,336.138239526576,0
"51",0.524575595202255,4.70251898623416,143.851188874377,326.930381649229,993.762312750884
"52",0.524854711516552,4.69938388647425,143.84133127326,305.194979124638,1130.75470239227
"53",0.704752280941312,3.22810257773063,114.423885689057,342.724380445548,0
"54",0.699857053340553,3.29082050695427,114.544532263891,330.02681529009,0
"55",0.704667990029921,3.22920357029335,114.426058870517,349.452932365856,0
"56",0.527560219085175,4.66907869584207,143.728606272066,350.56802756194,803.627070786257
"57",0.702459643929144,3.2574301719936,114.483650471853,347.766394793932,0
"58",0.705552252173633,3.2178327228496,114.401982748781,323.521666738276,0
"59",0.706919509645635,3.1992898682573,114.400192485834,310.290115928952,0
"60",0.702719155603316,3.25414728647772,114.476961910289,359.025569371896,0
"61",0.699355668901382,3.29734857651463,114.554974524538,343.599421466411,0
"62",0.527273590973552,4.67231791425433,143.740773112228,353.48135603816,847.616923554455
"63",0.529367072384523,4.64935003228573,143.639068224495,322.092386438259,938.212297749077
"64",0.522555904687042,4.72481736773097,143.940280709035,301.701297980443,1134.13271462513
"65",0.707713117418105,3.18925875543791,114.376244917701,317.867092343756,0
"66",0.524904737051087,4.69890486228323,143.838282370065,331.02387714271,1121.02054870426
"67",0.70037784182575,3.28416618242056,114.532765366021,343.958037907028,0
"68",0.697920736516972,3.3158910420985,114.584377253564,340.70845768975,0
"69",0.710490256591006,3.15419249577833,114.287405193673,321.611006222621,0
"70",0.7055014654038,3.21850345739171,114.403295145509,329.109913982699,0
"71",0.525297890619953,4.69449925783783,143.822826417517,330.908324478168,1124.02737196115
"72",0.528493089915255,4.6587407965664,143.68996649872,301.174691036933,1124.26650630125
"73",0.702438688302228,3.25761844923263,114.484582625998,328.350043562795,0
"74",0.531205110248139,4.62909351140953,143.553564331536,325.067116188605,1119.98050446453
"75",0.522268603465897,4.72801299200967,143.949433049316,324.98352231992,910.291379344807
"76",0.70380346096976,3.24016289498643,114.44965800357,330.757425935156,0
"77",0.70149107283026,3.26980328009343,114.507389967064,333.93991386305,0
"78",0.526713010969991,4.67852202708433,143.765571606683,322.213007215101,903.788194108248
"79",0.526351463134531,4.68270409706789,143.780370325739,328.058951554283,1128.10684881776
"80",0.53168969356356,4.62367216421351,143.531076838249,304.893628350081,1119.09324893929
"81",0.701061295748091,3.27533472336205,114.517405968987,335.60080961491,0
"82",0.528552571799246,4.6581662431409,143.686230323558,326.814246617297,1124.15318099227
"83",0.699896584539759,3.29030357717202,114.543709362303,328.420436067042,0
"84",0.703086944594684,3.24925596743511,114.468594860451,315.328965420085,0
"85",0.703652844168861,3.24202159406574,114.453953473506,316.054299778066,0
"86",0.527001976763476,4.67543887556355,143.753282373986,327.689755838686,1126.94665601338
"87",0.705753814356789,3.21527857667356,114.396190566472,325.800972069133,0
"88",0.70518506428616,3.2225433649746,114.412131934032,331.873846169615,0
"89",0.704793609599803,3.22746165099883,114.423340061264,316.273652676815,0
"90",0.525807999646247,4.68862863174518,143.802725756401,322.1566920192,892.421285723951
"91",0.524234812828303,4.70627205049531,143.864365592652,323.224353651334,898.729426410044
"92",0.525293267719371,4.69446716173712,143.824109320442,305.004268163335,1129.98418401719
"93",0.703723884603696,3.24114235556577,114.451943523485,322.27242776756,0
"94",0.704470021088724,3.23163011619998,114.431957920503,325.527827298363,0
"95",0.706970952511848,3.19864333715355,114.398639807841,311.660549363912,0
"96",0.525053674137443,4.69723235729235,143.832541659572,328.798857819628,1130.40052314541
"97",0.522200852114699,4.72877166666149,143.951831051225,324.714155645948,903.427829715333
"98",0.700757990301615,3.27917967532114,114.524661913678,322.596454289021,0
"99",0.702280728836838,3.25962173066084,114.488590761464,323.434296473767,0
"100",0.524969484897116,4.69804612725871,143.836001675971,323.871276275514,922.037722494497
"101",0.704711978001873,3.22852000279385,114.425488929926,320.102356985713,0
"102",0.700629668986138,3.28093098804535,114.527064967441,345.921495512684,0
"103",0.711144999676492,3.14602515501957,114.264849708512,338.813126928816,0
"104",0.694742203814469,3.35833563362061,114.6026665983,337.863567039112,0
"105",0.70184412972192,3.26519903246208,114.499330407563,318.184077248,0
"106",0.702586896471317,3.25574099335655,114.480787761028,333.452034577106,0
"107",0.706119751786532,3.2106929317784,114.385305179797,341.773754610058,0
"108",0.526532439411821,4.68059112670245,143.77404588847,301.282332602556,1127.79046563379
"109",0.709739358266565,3.16365488677382,114.312264365026,321.243883013277,0
"110",0.705124521003981,3.22327211684665,114.414040522637,322.167569272221,0
"111",0.519768116554121,4.75637631543117,144.033587037467,306.511195808078,1138.90529080945
"112",0.525430160267542,4.692842915834,143.817900269999,321.525529425366,874.551482177281
"113",0.702610029951068,3.2554129922801,114.480373216726,326.178043913817,0
"114",0.528036273625376,4.66377251553643,143.70910875678,321.707019906277,907.150176227101
"115",0.702734772913182,3.25383171120846,114.477164539986,330.01801122669,0
"116",0.703143948120299,3.24861723237355,114.46667123244,335.731387284667,0
"117",0.699236412140152,3.29872960862713,114.558297027541,308.406952907347,0
"118",0.518395180521429,4.77161503394805,144.092842293113,260.020800608377,2601.78102108537
"119",0.698948363718321,3.30269539441492,114.563048146764,365.729992351163,0
"120",0.528767743667445,4.65594516569016,143.668047562632,278.44480339519,1124.40952377013
"121",0.703532284311693,3.24359832227767,114.456916729347,323.800710632209,0
"122",0.701891866809119,3.26465371505069,114.497834347395,333.27539677162,0
"123",0.700371427612655,3.28418582522302,114.533231036532,329.014621081231,0
"124",0.527263354584797,4.67241197749093,143.74234392562,323.574526555939,942.487174341906
"125",0.706677730117381,3.20242793447365,114.4069401319,324.986564152121,0
"126",0.528486138200594,4.65881127709921,143.688162144166,352.543298202431,842.660595398686
"127",0.700814810458196,3.27852224495275,114.522987634958,339.575541751571,0
"128",0.700598937220041,3.28131809401075,114.527803556998,343.785760697397,0
"129",0.712188922018579,3.13297321350784,114.228191747158,354.628983982751,0
"130",0.52682570355052,4.6774064582738,143.7606838628,327.789687978997,1127.26172853773
"131",0.520471887834581,4.74834516007983,144.01024718952,326.611761024554,926.934982155349
"132",0.526030257391567,4.68622407917446,143.794154951724,312.688645047604,1084.45384711025
"133",0.698242101304836,3.31168735754211,114.578219231257,330.576747851728,0
"134",0.707293212874263,3.1947081216249,114.388257427079,347.860113097338,0
"135",0.705648972918369,3.21662456685241,114.399117951199,328.647547942404,0
"136",0.702621921661782,3.25523369728439,114.480214879943,320.221296768319,0
"137",0.706568690279633,3.20489676012066,114.372653199665,319.634394351842,0
"138",0.518834992085744,4.76645954806753,144.076269108033,326.778504923837,905.417526396541
"139",0.527581303681632,4.66890556706075,143.729557709024,305.635687463166,1125.91211867441
"140",0.524433567323973,4.70409444572664,143.857799190109,301.055637114272,1131.49260059696
"141",0.701885018510503,3.26469749040848,114.498226079627,323.241324715684,0
"142",0.695467052760111,3.34893495974159,114.590313127344,347.835149300038,0
"143",0.698535241147125,3.30781780298145,114.572686873151,313.859763298917,0
"144",0.529305608483627,4.65007692752078,143.642587787415,305.949985050269,1123.43365646435
"145",0.529571053800908,4.64719521603266,143.629819140896,325.989918818893,1122.95903603047
"146",0.700370500157943,3.28426382023844,114.532913575183,344.719124664822,0
"147",0.698521099866747,3.3080855846343,114.572541986991,332.266460012908,0
"148",0.702935237746639,3.25131074167193,114.471871132721,341.063725258381,0
"149",0.52945458484157,4.64848800979428,143.635111663254,326.055960010884,1123.16970723884
"150",0.525588144713677,4.69140915005391,143.815445719189,252.476830647074,18641.1495786835
"151",0.525042164685287,4.6971925404557,143.833227434639,321.815001588687,876.63691382212
"152",0.699915893684326,3.29009163060337,114.54309942984,337.0040182907,0
"153",0.703388854449436,3.24544005409978,114.460598853052,325.513909070268,0
"154",0.698866079408225,3.30366307735336,114.565250918974,340.948589757306,0
"155",0.703007219887703,3.25035969146758,114.47019641108,333.934163974557,0
"156",0.525396567570468,4.69323816221095,143.819201192857,322.529410666918,896.172645996745
"157",0.706747316514245,3.20151105059513,114.405075052364,317.641743745333,0
"158",0.704129787327822,3.23601861053141,114.440877456253,336.363863592327,0
"159",0.706904379848529,3.19956520401659,114.400207206209,328.628723418916,0
"160",0.516643819050029,4.79161686408897,144.138056034903,334.134278252485,1143.49425458967
"161",0.70244875825353,3.2574156494412,114.484712333384,312.349696339971,0
"162",0.524875281650117,4.69914413608143,143.840644450038,302.720160571615,1130.71920067432
"163",0.707674414513906,3.18978160527221,114.377252509863,325.114842157929,0
"164",0.704588564963772,3.23014646682113,114.428588599436,332.090937598121,0
"165",0.704063574881274,3.23696080035412,114.442144860467,361.45132228897,0
"166",0.705914380575972,3.21325882971404,114.391470346935,330.918307936142,0
"167",0.695878315662494,3.34353982022405,114.583367052215,336.896742692758,0
"168",0.52733022410183,4.67163194936857,143.739560807238,321.731960771333,899.782659300327
"169",0.703076451551218,3.24950289666148,114.468282546314,341.037404891738,0
"170",0.702079249249051,3.26220882063852,114.493502574266,324.070314277728,0
"171",0.526506845252741,4.68085758377614,143.774077225165,324.048797219798,944.860589692758
"172",0.519789936840037,4.75621511729114,144.031802712804,332.063856237203,1138.86304500383
"173",0.52654593705568,4.68045028875844,143.772403935954,325.591994130678,984.802679131146
"174",0.523896974291537,4.70981929618398,143.889739834091,329.710271669527,1131.78281269201
"175",0.705290418667043,3.22115961600324,114.409399982071,322.20952653977,0
"176",0.701803106185685,3.26581427871604,114.499861264153,338.315394994901,0
"177",0.703407026355472,3.24534688681678,114.45941110593,360.223776797603,0
"178",0.523945200384818,4.70967769224707,143.87510259257,329.434366446983,1132.33733685375
"179",0.525193873786583,4.69551109588452,143.82722434524,322.730919953598,898.425029606556
"180",0.523406693703631,4.71521980094849,143.909511193011,297.437735537141,1132.65023859602
"181",0.525634912049715,4.69071998210076,143.809485691097,328.466925348124,1129.37672177081
"182",0.704694579128534,3.22878145373936,114.425760723755,329.024897576089,0
"183",0.698274394762206,3.31118715384361,114.577991067422,312.897507138119,0
"184",0.696953617736764,3.32841903455367,114.602879703536,337.836432719962,0
"185",0.703271602736319,3.24696835080526,114.463476573608,332.057018597633,0
"186",0.70368523655409,3.24160764617745,114.453104855864,316.065996035813,0
"187",0.706170542478728,3.20999296312575,114.384112970188,328.582803769546,0
"188",0.706673833153674,3.20370069283523,114.368823780971,353.405244900987,0
"189",0.702745510010077,3.25372482499003,114.476737255918,337.247263657614,0
"190",0.708979140075845,3.173275313365,114.336664141838,326.374638501991,0
"191",0.528973369453317,4.65375243067847,143.657708216694,301.845948946999,1124.03373274407
"192",0.523788136714337,4.71104260403833,143.893843388675,329.772061755087,1131.97416767426
"193",0.706487235718782,3.205983388243,114.374782035439,331.635810193186,0
"194",0.524523475369318,4.70304752448893,143.853300640263,323.965705401376,918.996368348446
"195",0.704066633055477,3.23679490705878,114.442717999127,329.260202815631,0
"196",0.70162967692032,3.2680525305053,114.503949418948,341.065623844337,0
"197",0.701841299775462,3.26528422817907,114.49914753243,328.97968570331,0
"198",0.701993863865921,3.26329386578479,114.495629989869,321.758113093439,0
"199",0.701128747356148,3.27448600752347,114.515746885837,340.088835433403,0
"200",0.521121213748105,4.74098272030822,143.98886637871,325.829499674906,916.43230697087
"201",0.524391000442654,4.70454970113988,143.857249918592,353.535970341094,823.647615914469
"202",0.695957961343818,3.34250355130281,114.581957609289,336.689868353588,0
"203",0.70804430681193,3.18510236712917,114.365913075744,326.708273052045,0
"204",0.526168078882633,4.68466681281112,143.789003362534,302.351468857119,1128.43814355626
"205",0.524947131408689,4.6983401550263,143.836794385751,326.176473742062,978.843660507364
"206",0.524132353308867,4.70744553122487,143.868209008154,324.447613787962,925.672839897924
"207",0.704546344432103,3.23072435117347,114.429534693149,341.643049834811,0
"208",0.706099032518378,3.21090374391946,114.386178129527,329.063941097605,0
"209",0.524018377623876,4.70885505304864,143.872350286327,329.39231216756,1132.21011228553
"210",0.699367924521504,3.29720948938982,114.554617708938,348.390470539282,0
"211",0.702619348124793,3.2553626604618,114.479785345596,342.521081913567,0
"212",0.706072334671616,3.21134196147483,114.386438961214,353.855436656742,0
"213",0.69915070281697,3.29990460284507,114.559744007873,322.460455502833,0
"214",0.699983758719754,3.289181845937,114.541795927173,328.963872020802,0
"215",0.700204227051467,3.28635801865902,114.536854826875,333.123863420927,0
"216",0.703990989512838,3.23772949654866,114.444892557927,322.160392221941,0
"217",0.531338378378379,4.62754140640669,143.548179445221,301.555719584392,1119.74069251781
"218",0.700849242909621,3.27810508634095,114.522067520519,345.972405384458,0
"219",0.70201251869622,3.26321154000384,114.494370794119,360.204974423726,0
"220",0.528236251675591,4.66154038721234,143.700367972988,321.258323344427,899.135523548314
"221",0.702455225568445,3.2574275591212,114.484064653124,333.233394409315,0
"222",0.705371062001242,3.22012457782557,114.407176451427,320.360717821898,0
"223",0.521937109659723,4.73174697785209,143.961056641939,324.746029395264,901.180869648212
"224",0.701896188593849,3.26459484998508,114.497747558052,332.481374000683,0
"225",0.701382819250847,3.27124276051481,114.509693503441,345.737091894879,0
"226",0.700706558037672,3.27985787971963,114.525748692936,326.183995530733,0
"227",0.5220707189184,4.73023197711087,143.956411523979,324.339886457171,893.647943308858
"228",0.702490212537673,3.25700253364725,114.483076733303,338.830994898854,0
"229",0.702209351061537,3.26060322222795,114.49000165183,338.75118874056,0
"230",0.525064336648707,4.69696015686257,143.832327209171,322.645458329587,895.065959444167
"231",0.699851144638914,3.29090069790983,114.544640162227,330.936070323286,0
"232",0.70095444004893,3.27666723162277,114.520086248868,325.963802394454,0
"233",0.702028650971487,3.26297879727438,114.494111644278,353.285406159389,0
"234",0.697936257071553,3.31576808350087,114.583674240019,360.589271768914,0
"235",0.519430772387754,4.76027450809802,144.046734191589,258.849967007968,2444.93129874556
"236",0.701365622170502,3.27137953687143,114.510529861952,325.758838529263,0
"237",0.531996168432885,4.62019829507364,143.51549980333,318.25271625961,879.012151077795
"238",0.524105893499063,4.70772651128957,143.869240797286,323.604988300708,905.855755630973
"239",0.708271674111516,3.18214721371454,114.359286389766,309.842377050432,0
"240",0.531544520171687,4.62524330198886,143.538511338153,296.029866742899,1119.36275642969
"241",0.702277915839291,3.25973856480915,114.488244705888,342.345768944326,0
"242",0.702415575283114,3.2579289278286,114.485081461309,331.621513441619,0
"243",0.705145914165507,3.22302973193603,114.413288334425,329.004579092263,0
"244",0.525517962578834,4.69190206234512,143.814320870537,323.6994143165,924.474474933279
"245",0.47841643545914,5.25139643919824,143.885004084661,358.470689306846,1192.13117528327
"246",0.707501772301459,3.1919279857206,114.38269410491,315.73338746685,0
"247",0.524172299644413,4.70695176259701,143.868737638113,281.801409504906,1131.95312340553
"248",0.52410971657798,4.70782845293137,143.868903455969,329.339840429645,1132.05118553012
"249",0.526328920415309,4.68280162429359,143.781500448554,321.822969542928,890.740107761727
"250",0.524790761601587,4.70003861000369,143.842990274388,323.332374862594,907.479878947706
"251",0.700890501700078,3.27750583037023,114.521472841661,329.585513073096,0
"252",0.702976157239166,3.25080357904327,114.470747373965,345.242854102309,0
"253",0.507210929135409,4.90045660804783,144.329341879161,339.917257545962,1157.81513411468
"254",0.704081050894193,3.23667611568254,114.441996606221,345.08484026536,0
"255",0.526885421740874,4.67673978418286,143.758181464899,327.755823542176,1127.15504490399
"256",0.524085789262349,4.70802350679258,143.870745956047,307.296225634138,1132.09747863241
"257",0.525076137768913,4.69698049670057,143.831659988194,328.786012679256,1130.36106004744
"258",0.70197871222292,3.26346944829818,114.496093831768,317.690457382682,0
"259",0.526365389274999,4.68254844543607,143.779796945629,328.051036089814,1128.08208464631
"260",0.523114036819166,4.71854460947972,143.918934372463,327.741535096399,988.406279210838
"261",0.705083813667607,3.22387133767139,114.414756828656,341.168679649209,0
"262",0.521663192883393,4.73485263445568,143.970495909118,325.481586276152,914.723236938958
"263",0.703806927734836,3.24012093912856,114.449554602289,331.303353236441,0
"264",0.522865130703915,4.72128877055177,143.928109753145,324.745841827093,911.680628355229
"265",0.529421626150298,4.64885588046616,143.636487291943,326.077889749086,1123.21978236169
"266",0.694642083282138,3.35962906414088,114.604354352495,335.063402126511,0
"267",0.520570847069668,4.74725760354665,144.008091886231,302.894798405756,1137.54538902689
"268",0.528316989602422,4.660699700968,143.697739289902,301.316994381263,1124.58555426839
"269",0.70634761784026,3.2077956471742,114.37867667404,341.200194112318,0
"270",0.524569772128789,4.70266118452328,143.85134998927,329.075887237636,1131.24857093441
"271",0.705335238528544,3.22066652380672,114.407739872891,340.454744217068,0
"272",0.69692277999748,3.32879964351921,114.603549369104,333.250451311291,0
"273",0.698118603020973,3.31335093563117,114.580353094468,346.052064868525,0
"274",0.700970007555306,3.27647180739003,114.519703138042,327.046131987414,0
"275",0.525595691464437,4.69107609647002,143.812111143821,303.884543602529,1129.45119945586
"276",0.701830683867293,3.26543318918309,114.499337673247,331.903060938096,0
"277",0.523832753888897,4.71039269521894,143.892370495532,323.832141358229,901.868695826109
"278",0.70073919479667,3.27952596169168,114.524554974341,347.14477242401,0
"279",0.528640581961229,4.65710119491424,143.682393683676,324.082118169566,972.710897413414
"280",0.51876519315026,4.76732593449586,144.079146029096,309.048625420661,1139.9452355878
"281",0.52804777069268,4.66378248619126,143.70844056853,327.098572103514,1125.06691337256
"282",0.524096854067994,4.70784230220297,143.869555580958,324.354162780027,923.050979464471
"283",0.520357360402161,4.74964194172157,144.013954665045,326.588655132866,925.034482294995
"284",0.524512159521438,4.70322938917223,143.854563711859,305.740049789182,1131.35421835849
"285",0.522826521267299,4.72177471212946,143.930458788616,303.634905467519,1133.66174612762
"286",0.698629063871125,3.30674530701333,114.570050130212,345.568974815909,0
"287",0.526279198200912,4.68351188134324,143.783341091866,328.100034403508,1128.23530251003
"288",0.701897208731724,3.26461726471251,114.497540559763,340.979888588779,0
"289",0.706855955902486,3.20026390978907,114.401198650619,349.424992807592,0
"290",0.701081725945524,3.27500039993507,114.517300068038,319.46050336529,0
"291",0.698668974313723,3.30619065392615,114.56942805727,336.217666733873,0
"292",0.707891511058705,3.18703943738429,114.370591840236,327.123319818623,0
"293",0.700590231381072,3.28149683485365,114.527658697871,361.153913604589,0
"294",0.70324158068635,3.24731140211066,114.464459801472,322.715426865333,0
"295",0.52059424114002,4.7470216198023,144.006958840065,310.863234375437,1137.5037486143
"296",0.525327453179589,4.69406387870695,143.823011724874,299.506348602142,1129.92525952268
"297",0.705613876280838,3.21718288524178,114.399537626454,356.807224036405,0
"298",0.70236914526957,3.25848714684716,114.486418563653,323.229117269832,0
"299",0.704663407517943,3.22919114629125,114.426550312096,331.880229764408,0
"300",0.704337814512995,3.23340388510153,114.435083827064,346.464833560117,0
"301",0.529031495898842,4.65309594006701,143.653034645943,351.96456131083,842.684219159917
"302",0.528247415702671,4.66149212579014,143.700566444648,306.43499045827,1124.71031983655
"303",0.707554149585017,3.19140310596227,114.380390775478,348.969642847929,0
"304",0.701328120051896,3.27186668835356,114.511383559131,326.921075438105,0
"305",0.522341596492501,4.72722019459539,143.948082260111,298.039689457998,1134.50530784407
"306",0.518565887367418,4.7695619367008,144.08423399401,328.996321697334,954.099923009181
"307",0.519650268671566,4.75780151674748,144.036163213556,332.14468559466,1139.0986835625
"308",0.703341302646373,3.24603049054797,114.461918887317,321.562866455623,0
"309",0.70506357997216,3.22407516258366,114.41559849289,328.229582654644,0
"310",0.52773645906515,4.66724934883235,143.721954803166,327.274252538561,1125.62834474956
"311",0.528548194416651,4.65805407889741,143.686630185672,320.219819893149,879.404283574739
"312",0.700379652705427,3.28407102747888,114.533092686752,327.019779200817,0
"313",0.527753392671478,4.66691362141137,143.721407302449,321.390732003394,896.773660814679
"314",0.698930542309333,3.30280663163628,114.564028203193,335.333147293218,0
"315",0.705862262515677,3.21391331379482,114.39301100964,329.001261547632,0
"316",0.710138586550443,3.15867695116879,114.298839261013,334.390798450767,0
"317",0.701369308754066,3.2713585039643,114.510308083727,331.754447572509,0
"318",0.705636629581828,3.21674897675588,114.3996382121,321.249889143538,0
"319",0.704355984818806,3.23316633055169,114.4346230619,345.014574699583,0
"320",0.525305118756669,4.69426445226504,143.822826808823,322.670156278814,898.306342600973
"321",0.701636887375179,3.26782253619409,114.504482966693,310.398778645037,0
"322",0.698201571821064,3.31227479634933,114.578709697911,345.497850805463,0
"323",0.522576075731313,4.72468835339631,143.938311235636,330.46232285944,1134.09155875399
"324",0.703392891878108,3.24543344377074,114.460262415171,335.981326697345,0
"325",0.703557186499068,3.24328354603754,114.456249646764,324.604003884199,0
"326",0.700543750388284,3.28204086437814,114.528985953276,346.834105132207,0
"327",0.521412638147216,4.73767581827446,143.9790655728,325.137254528633,904.046831835335
"328",0.700923100212946,3.27705404957593,114.520890587931,322.353857186259,0
"329",0.528859198707203,4.65510405317926,143.661752229568,326.397279392755,1124.23396507978
"330",0.705815492160304,3.21454872505612,114.394142235054,338.744305281006,0
"331",0.705422165134502,3.21958796955997,114.40514671729,347.574032450455,0
"332",0.700053886947269,3.28828378800366,114.540228805454,330.350235983957,0
"333",0.7068069100843,3.20073886914438,114.403406501451,314.340374317954,0
"334",0.709323652308268,3.16894870534664,114.325503650364,332.317720639011,0
"335",0.696312004462298,3.33791815306627,114.575503759077,340.137810810449,0
"336",0.699531629394655,3.29508809839402,114.551183180675,346.421559776709,0
"337",0.527786962585839,4.66655310843333,143.719931586559,322.075770816837,912.846457761691
"338",0.524733575461141,4.70072956299308,143.846206532169,301.618264453732,1130.96780277363
"339",0.701462017797596,3.27014398107062,114.508243666019,326.453241703616,0
"340",0.703731147144618,3.24119145906156,114.451020992017,357.038509917912,0
"341",0.70106636264783,3.275220807129,114.517538688413,324.437453632514,0
"342",0.705854596817019,3.21401329726119,114.393218119376,329.586158419395,0
"343",0.529863064235513,4.64388367906682,143.617376037276,304.334807959133,1122.43442865491
"344",0.706114340528687,3.21075102493998,114.385517482524,339.110268409202,0
"345",0.696613672282241,3.33281836880525,114.609170841293,334.197446362025,0
"346",0.526833169849951,4.67726022445399,143.760404805488,326.379828815479,1010.11906259253
"347",0.704151164108026,3.23577294258105,114.440165292172,343.072395928478,0
"348",0.521046034940202,4.74187547277308,143.992425573701,302.61979730813,1136.73464851291
"349",0.523935092657614,4.70962373304324,143.875718565973,322.522562807654,879.994017414754
"350",0.696971505947443,3.32817899805863,114.602588707623,336.004060887042,0
"351",0.529803052209757,4.64445815769465,143.619417455809,319.142653123642,875.125699009892
"352",0.695347967092716,3.35045548757359,114.592502624269,340.656500634702,0
"353",0.694377777112553,3.36319812867442,114.607974870301,365.298545073363,0
"354",0.703344498434211,3.24597285846682,114.461922718624,317.922926720199,0
"355",0.704223233480996,3.23484950404172,114.438252293115,342.217061339519,0
"356",0.706661561462457,3.202576712845,114.407705655322,312.573281456348,0
"357",0.526004492707338,4.68649394443472,143.795704222374,301.779143666783,1128.72845924107
"358",0.7060619071452,3.21137092645858,114.387277630452,327.98420646807,0
"359",0.700357944405813,3.28439253167133,114.533362858294,336.680875021637,0
"360",0.519084669141755,4.76370235966608,144.069339877149,311.821059838754,1139.4023803317
"361",0.703147747637163,3.24866455452685,114.466079825789,360.381998213088,0
"362",0.526887160393291,4.6766021060058,143.758243041804,323.399720734025,933.661601823893
"363",0.526794390632385,4.67763463484631,143.762134438029,323.286325178212,929.821533284222
"364",0.524055870473574,4.70828531136171,143.871136410072,323.456008651366,901.915683892259
"365",0.52960884470682,4.64677581503335,143.628097758708,325.968497959537,1122.89063242876
"366",0.700924862467594,3.27708113679184,114.520595068105,333.599326359517,0
"367",0.705744671137924,3.21537720341269,114.396543427223,321.820967707615,0
"368",0.705228826546979,3.22203391437769,114.410660473711,343.57525944261,0
"369",0.701296509829528,3.27234663129734,114.51174637195,344.380988265867,0
"370",0.711431305963756,3.14245548137791,114.25484774958,346.410559295235,0
"371",0.701640870216848,3.26784761143337,114.503996869821,326.695670738632,0
"372",0.525217180218922,4.69527036468059,143.826266381315,323.790557129711,923.065291877323
"373",0.524430965441256,4.70421962346574,143.856679946436,329.155467363852,1131.49110815527
"374",0.703908681927256,3.23885598947741,114.446686921442,339.69923150774,0
"375",0.702687964528091,3.25444679425366,114.478258635272,333.624620119848,0
"376",0.70255645351663,3.2561670929438,114.481360963578,342.146766455609,0
"377",0.524691038813417,4.70130010803341,143.846669715869,329.006404885194,1131.03641688899
"378",0.504443607960519,4.93230995846215,144.372037688593,335.075606895385,912.345683677205
"379",0.701910265226428,3.26445259341815,114.497210603796,341.695401473103,0
"380",0.703255419790781,3.24716356152634,114.463953662912,329.310181807304,0
"381",0.696171142737464,3.33974195641065,114.578090367094,338.735817342017,0
"382",0.524687428306749,4.70149488181501,143.850898944607,252.752812964639,13758.550258442
"383",0.704948424607115,3.22554687438025,114.418768907237,329.274184512928,0
"384",0.702857439317056,3.2522287056621,114.474241164535,322.802110024608,0
"385",0.52333475144923,4.71614210961117,143.910742264643,330.029801858193,1132.76913255888
"386",0.526539678589457,4.68044402312228,143.772802965814,321.576870911827,887.597139586864
"387",0.529620522181973,4.64664622653174,143.627565441034,325.961879623962,1122.86949093491
"388",0.7008537586506,3.27795155456154,114.522453233765,323.530516233203,0
"389",0.700382616039136,3.28398363682718,114.533278464793,316.345897978662,0
"390",0.697611356624186,3.3197875639266,114.590969341827,315.809812544388,0
"391",0.694990014710794,3.35509127001172,114.598660955186,334.533697369079,0
"392",0.523918582535529,4.70988663331227,143.877249469074,302.871025863509,1132.38927598483
"393",0.526166874626576,4.68468691593763,143.788968415406,304.167893126334,1128.43986445437
"394",0.700284448289818,3.28526200131111,114.535395207421,319.242221588585,0
"395",0.520957118631224,4.74302088681267,143.993973451072,335.654481035647,1201.27199212962
"396",0.698773624485934,3.30482206531892,114.567351172356,332.511425881019,0
"397",0.523897092271917,4.7101557740853,143.876945318992,328.073656776095,1015.43001147433
"398",0.704259064890602,3.23438883615708,114.437307273567,341.391896284334,0
"399",0.527604208255595,4.66872290418394,143.727653490608,327.348962477342,1125.86637198394
"400",0.693631832806387,3.37285237762784,114.619910511517,342.46088930138,0
"401",0.526238163808913,4.68389906681489,143.785932326321,306.69248658358,1128.31269746586
"402",0.701542923427629,3.26911927641561,114.506254360593,329.786355823876,0
"403",0.531093990284131,4.63032235091378,143.558867346134,325.129647131968,1120.18439607056
"404",0.702377371021213,3.25840584604486,114.486091374929,328.658081651463,0
"405",0.524525950422543,4.70315313129171,143.853035820155,329.101005415588,1131.3251756203
"406",0.529781730830951,4.64469167208587,143.620399942183,318.998849494788,871.782941516417
"407",0.527706258055333,4.66750532903082,143.724278150155,303.374557972844,1125.68777229836
"408",0.7060620941544,3.21135941399136,114.38731955896,325.882751083145,0
"409",0.700359207070895,3.28437469181837,114.533342751725,336.307350639219,0
"410",0.705134712626328,3.22312870373891,114.413826743349,319.171054714425,0
"411",0.70550103152727,3.21854556960099,114.403118024016,337.843139707994,0
"412",0.523006074192432,4.7198425582049,143.922795172537,330.216991761922,1133.34324735618
"413",0.704254664109942,3.23441107421187,114.437600698507,333.155169505078,0
"414",0.517673316434441,4.77978325752514,144.109972224747,331.960408432279,1019.02594845392
"415",0.520750728789266,4.74532361524873,144.000862288095,333.863956237005,1134.13390659668
"416",0.700416906019199,3.28361267830062,114.532149850844,331.915776153521,0
"417",0.700503762565446,3.28240385800453,114.530663798812,312.309088906927,0
"418",0.526035296088237,4.68608924095017,143.793506344854,322.221758610862,896.392687098513
"419",0.700939637252206,3.27688303213142,114.520296662561,331.731106046366,0
"420",0.699317546555004,3.2978081916943,114.555945603331,335.726345378864,0
"421",0.52112920167841,4.74091729013352,143.987452383011,356.09194279731,831.815055514103
"422",0.703334777421005,3.24612235288375,114.462044001896,323.418817788861,0
"423",0.527629993823409,4.6683709304023,143.726579887968,325.830617376616,1006.06812625125
"424",0.524944352393815,4.69845826148496,143.836821595157,328.861389215685,1130.59245428795
"425",0.699249236347022,3.2985576132912,114.558060410073,307.152473436133,0
"426",0.705957277575068,3.21273036031517,114.390147291297,334.947668715768,0
"427",0.52559589592164,4.69115684396782,143.811049139034,328.489178567519,1129.4456215684
"428",0.704976509637033,3.22525461413067,114.417652158088,345.245778260139,0
"429",0.704295241781988,3.23393608588379,114.436288024061,343.640467805864,0
"430",0.524296295535098,4.70563065885354,143.863112126052,299.668254618899,1131.73249085345
"431",0.520061907330854,4.75303984842315,144.024337107492,306.016950058697,1138.40869586104
"432",0.521602366696956,4.73553279470983,143.972595495071,325.134361365625,906.128999147017
"433",0.706352445473386,3.20774003894361,114.378505737753,342.638811898645,0
"434",0.651107803866351,3.96562716477867,113.926518016124,385.135922853063,0
"435",0.698150083835646,3.3129394308204,114.579746635353,345.058980877126,0
"436",0.700083613421504,3.287914003221,114.539507269564,333.447221799829,0
"437",0.705468749121896,3.21892288707825,114.404204703779,329.822056966569,0
"438",0.523651772731411,4.71257576897552,143.898959200257,329.849524043163,1132.213635216
"439",0.701526833571691,3.26929659041748,114.506786358371,323.187817001629,0
"440",0.703621916003638,3.24246420667279,114.454518539599,326.436387484169,0
"441",0.700505730258422,3.28253963082147,114.529794512926,349.161814757153,0
"442",0.526679121016945,4.67895266995057,143.767952734374,301.204670402382,1127.52902750728
"443",0.524074553134069,4.70822364353437,143.870231910421,329.360038251704,1132.11238539075
"444",0.699044246746703,3.30132283312745,114.561741004013,331.977742489164,0
"445",0.523134775248813,4.71837912209786,143.921857585357,257.318108991587,2497.85058767764
"446",0.519366558325212,4.76102578083406,144.044923487939,332.309035887098,1139.57628569142
"447",0.523288132422604,4.71658173625651,143.912547295489,327.484300693432,983.962275254655
"448",0.69579354256147,3.34457499442316,114.585204422193,321.955040408365,0
"449",0.700637660550847,3.2807909254618,114.527074589064,336.828543857138,0
"450",0.528992899019331,4.65355966446732,143.655806326061,325.147514787202,1013.51296715741
"451",0.705171681761663,3.22266676240581,114.412749047553,321.129091819791,0
"452",0.528565616279742,4.65802120257626,143.685651549003,326.806908353221,1124.12951451384
"453",0.525593790938416,4.69118041454463,143.811133425111,328.490379279485,1129.44933810409
"454",0.523386997193023,4.71538508357494,143.909060177897,323.011083600787,878.956384768359
"455",0.520956917711038,4.74289737911519,143.994233266515,328.820827981137,987.793530071652
"456",0.527006333656991,4.67525108249301,143.75327109826,322.232360144245,907.553304644567
"457",0.526596726753561,4.6798833974751,143.771246879881,304.098432438246,1127.67527131945
"458",0.703653403818152,3.24212278881529,114.453380247619,340.897599093775,0
"459",0.527946917603112,4.66481661543319,143.71395794414,300.984069251565,1125.25453037592
"460",0.525528987867532,4.69190610652332,143.813724987703,328.527349609894,1129.5637176396
"461",0.702195079982025,3.26073217416693,114.490628952836,326.119992746204,0
"462",0.524005399503864,4.70900093881213,143.872839007769,329.399769537406,1132.23268238285
"463",0.526627288930278,4.67962217524633,143.768960577214,327.902271000283,1127.61576476758
"464",0.706705541026362,3.20207187446426,114.406141523577,324.355761649126,0
"465",0.693713605608305,3.37182144664509,114.618492702993,351.799832373117,0
"466",0.687829763351801,3.44924722616012,114.685505865252,336.485120567529,0
"467",0.530997925782861,4.63121413631025,143.563644281317,318.049824097717,864.122105049434
"468",0.521970948009961,4.73137017663502,143.959869064879,325.005056868307,907.390357520989
"469",0.703218865840143,3.24751686545933,114.465481617429,304.92016728662,0
"470",0.52608914544884,4.68563697803581,143.79111722871,328.208146116069,1128.57271613057
"471",0.529802496011662,4.64476357968549,143.623356750271,250.498120684341,9719.75220151831
"472",0.522765607239159,4.72247877807822,143.932433930384,308.511941417929,1133.7666613953
"473",0.521267453172336,4.73935326317487,143.983904389911,327.070830611585,947.567578825565
"474",0.531133790070027,4.62980470257771,143.557951648808,302.020668116005,1120.11628818891
"475",0.529490369540554,4.64798118762144,143.633594569505,322.122788949329,940.560294893019
"476",0.704670192005696,3.22906060156634,114.426592309507,321.823970120214,0
"477",0.523640903328441,4.71269799801921,143.899365749281,329.855700605248,1132.23270929404
"478",0.698936342546074,3.30277413864368,114.563690339514,345.575791012738,0
"479",0.529391638496442,4.64918881779231,143.637845674393,326.094898063898,1123.27398516795
"480",0.697257101481744,3.32451814557558,114.597024863625,346.899871016989,0
"481",0.701972618985785,3.26366007750869,114.495663759396,343.610375616556,0
"482",0.705310060858879,3.22090883138287,114.408852174455,322.054286241837,0
"483",0.525636437435264,4.69065439771778,143.813131670695,256.937145245485,2127.91505069406
"484",0.525281115131276,4.69468294132399,143.823579920173,328.668864460447,1130.00057583552
"485",0.70145554539545,3.2702743113754,114.508154388177,337.399369869764,0
"486",0.707727829996448,3.18911525021113,114.37557467462,327.565549974346,0
"487",0.529690505598331,4.64586967192803,143.624371225868,325.922223265971,1122.742743648
"488",0.524704959588843,4.70120574198043,143.85006088303,254.637078632325,3973.67911604345
"489",0.701437150061164,3.27059166048455,114.508172670707,358.010385976554,0
"490",0.522132455362484,4.72955604014115,143.954208278875,325.400226592847,918.287497349353
"491",0.526697855140736,4.6788340347145,143.766023580123,327.862218859046,1127.48992603136
"492",0.529837877690414,4.64407647484567,143.617811840575,319.362510389761,880.304676807208
"493",0.530201727564361,4.64020078596918,143.600829286719,325.632927444387,1121.81449209903
"494",0.522939484556319,4.72050204340309,143.92531365802,327.389960949457,976.904477773665
"495",0.694321382566026,3.36390209303296,114.609029463883,356.773032564902,0
"496",0.702466617687083,3.25722731650463,114.484061168934,320.959484407436,0
"497",0.708489508724034,3.17951490596093,114.351855979341,338.131258880893,0
"498",0.705592908421014,3.21736717862021,114.400560687569,335.591534163185,0
"499",0.698369116067604,3.31001661184272,114.575803032801,324.481851852665,0
"500",0.525293463607385,4.69444191479952,143.824394170669,298.776515353773,1129.98528793032
"501",0.522497703309401,4.72544110472403,143.941285946616,325.509416374353,925.105225599691
"502",0.528038211470866,4.66379445024137,143.710054063856,299.385457853814,1125.09009647918
"503",0.703062291256542,3.24965934355862,114.468771194765,335.023712998376,0
"504",0.523898197350798,4.71020616632301,143.87686614492,329.461386138157,1132.41900783521
"505",0.706510134456655,3.20567965502151,114.374175187436,328.582535658726,0
"506",0.705011724249168,3.22480187122398,114.416696957025,344.215236999968,0
"507",0.708083120260355,3.18461954379042,114.364672944659,328.731752773684,0
"508",0.698451757403855,3.30898873729821,114.573919983898,333.730759429661,0
"509",0.700100342568513,3.28766445534328,114.53931286247,325.738177189843,0
"510",0.522102608475874,4.72998384048431,143.958802194819,258.081860240083,2183.34685343038
"511",0.518088714847504,4.77501333947082,144.099299790659,304.539093088378,1141.08843808491
"512",0.701130416628848,3.27446215303101,114.515720387747,339.508334305112,0
"513",0.522855257400398,4.72146936097372,143.929185687186,308.692417081483,1133.61056440484
"514",0.69923200682986,3.29894239840012,114.557593312235,342.774006225735,0
"515",0.694360653836836,3.36334146728025,114.608652262926,344.707276390205,0
"516",0.519587473360239,4.75851495624305,144.038113423415,332.181043726924,1139.20451595568
"517",0.527878952497492,4.66566218278027,143.715786439974,327.193808295785,1125.37156286431
"518",0.693755799259552,3.37134808764449,114.61746172278,372.657129550001,0
"519",0.69970964398176,3.2927774714304,114.547436519566,343.129504364266,0
"520",0.699710620286037,3.29272838631813,114.547602056538,334.378899329083,0
"521",0.695632790638272,3.34674626684943,114.587608972453,340.03947664238,0
"522",0.524770340765444,4.70024189498164,143.843831565878,321.99854211507,877.679645459753
"523",0.531256789066167,4.62852211682094,143.551092249709,325.0380458072,1119.88561362517
"524",0.703373264383052,3.24566537286494,114.460868342666,331.459139595795,0
"525",0.700524581862524,3.2823525660203,114.529085194154,364.017062334469,0
"526",0.525355556381537,4.69390340773609,143.819937065642,347.092033851497,1129.8660562761
"527",0.699101210698522,3.3005705909595,114.560639954143,328.312994760415,0
"528",0.522882777111438,4.72113401928581,143.928509851538,301.766032685029,1133.56420969408
"529",0.700779541967782,3.27882011499055,114.524591842153,305.579553114674,0
"530",0.528693715619401,4.65686086511051,143.670155704109,301.862505791174,1124.53666399573
"531",0.523310910963083,4.71629501063123,143.911766712285,325.862233062121,943.289714502979
"532",0.706691655238024,3.20240021535672,114.405760260499,362.973939990298,0
"533",0.702251336896468,3.26004285225893,114.489085165672,333.518491678379,0
"534",0.706467390298626,3.20627098721105,114.375181160788,340.302433270056,0
"535",0.699124537569809,3.30032884289738,114.559849575711,342.289119659809,0
"536",0.516179570401824,4.79684208303171,144.151328890227,307.464495184935,1144.26687640684
"537",0.526718873450078,4.67859931089556,143.765147375872,327.850291788055,1127.45242880575
"538",0.52742347841731,4.6706432900159,143.73659234034,299.838796619682,1126.1970897416
"539",0.698888072369385,3.30336442013652,114.564867245485,337.476299268732,0
"540",0.526018801094624,4.68642378773056,143.79398186932,328.24818586705,1128.69745158512
"541",0.707790009641631,3.1882352252122,114.374159713317,307.445504785388,0
"542",0.696355989329565,3.3361518717164,114.613864407349,330.658081392156,0
"543",0.51913550879379,4.76357219159588,144.052896598589,307.828595803874,1139.96019192587
"544",0.699386603543791,3.29683678654103,114.554894704201,317.987001023719,0
"545",0.530907574742815,4.63231802949858,143.568568457157,305.21345062189,1120.53021261839
"546",0.700858784666864,3.27788618605942,114.522341752115,323.376724637077,0
"547",0.521588481863198,4.73574323083277,143.974056996151,303.287381722414,1135.80413578676
"548",0.528375606206838,4.66006350903199,143.69495516617,305.67311004928,1124.47841354939
"549",0.525464352390616,4.69253594734694,143.817497787758,300.961297617217,1129.68364373221
"550",0.522316720531037,4.72750960450343,143.948851045796,300.347624494089,1134.54785688619
"551",0.695502450737146,3.34845237881504,114.589814851629,342.482273895755,0
"552",0.697588802532483,3.32023118859105,114.590633391808,350.475939766467,0
"553",0.708297485284717,3.18181417014763,114.358518303592,308.517872590407,0
"554",0.70430476409346,3.23386949101684,114.435748020179,358.071360472601,0
"555",0.704042956287904,3.23715610925073,114.443044913313,343.452297762009,0
"556",0.698173167749975,3.31261011246775,114.579441888674,337.674852183088,0
"557",0.519439527858168,4.76023228106196,144.046523255996,258.071939182661,3290.18679023228
"558",0.70109185355607,3.27488690324426,114.51697961809,323.094479233967,0
"559",0.525316577546983,4.69428556545003,143.822175632218,328.648608363143,1129.93813859331
"560",0.70086967089906,3.2777382897426,114.522132531053,321.665976062831,0
"561",0.521510561674834,4.73671870384935,143.975516438497,331.072363812714,1135.93218215787
"562",0.695203444364885,3.35230783242957,114.595103712919,333.798940069967,0
"563",0.697734565935755,3.31829311308689,114.588064231489,338.421045475111,0
"564",0.52714008193922,4.67373603000795,143.747664842661,320.970236690817,880.76867347273
"565",0.70437362475203,3.23281165161141,114.434815998675,314.947915127278,0
"566",0.530186370424712,4.6403709833265,143.601541818318,325.641607915497,1121.84243761032
"567",0.700487195533991,3.28273726585916,114.530421250264,338.96710448747,0
"568",0.703168019152221,3.24839625398835,114.465606788511,357.948388633205,0
"569",0.526375600877908,4.68243431426815,143.779376322244,328.045232254304,1128.06392381748
"570",0.527329988612796,4.67168403123597,143.740602071735,299.447678988023,1126.36500946061
"571",0.703359480905162,3.24583022008519,114.461283445802,328.80745640362,0
"572",0.528317846354713,4.66062948323806,143.696785852967,321.051688982982,895.366570848529
"573",0.523603026063377,4.71312396279405,143.9007810596,329.877226912995,1132.29916220859
"574",0.523225163854757,4.71729064522462,143.915856339092,304.960622504292,1132.96604474286
"575",0.523592190772861,4.7132458230177,143.901185522972,329.883385502562,1132.31816745765
"576",0.6979167908039,3.3158017760237,114.585170029059,309.97885209019,0
"577",0.701408860708363,3.27082740468226,114.509494883661,326.544249090079,0
"578",0.523162383351741,4.71793524992837,143.917291001385,324.284288929463,904.557482034823
"579",0.524669904601535,4.70157691751375,143.848124930846,314.333679154443,1367.76062641462
"580",0.523676882732547,4.71220033690535,143.899199066547,302.489638633872,1132.17535404842
"581",0.705617510931085,3.21714698355115,114.399380712678,359.658570432346,0
"582",0.700809200447058,3.27857389585178,114.523221044642,334.671608860679,0
"583",0.520219014835399,4.75121472578898,144.018393373986,326.864681402531,929.84615745998
"584",0.701260367011454,3.27275514493743,114.512879446988,330.928878854314,0
"585",0.528133515283769,4.66298434823263,143.708723887491,252.177481241491,13132.1956301617
"586",0.527135462159095,4.67394944440967,143.747647269766,327.614135616301,1126.70772293198
"587",0.524513831169876,4.70328919253715,143.853501538191,329.107952952595,1131.34635558788
"588",0.698610870857434,3.30690337541535,114.570816836441,327.416721641319,0
"589",0.707082235597999,3.19740868814105,114.394421962123,354.111714866029,0
"590",0.521056130713556,4.74173020689333,143.991019420287,326.436503802637,929.78986971643
"591",0.702169278129551,3.26108706242248,114.491136844821,331.593963110999,0
"592",0.700256999586857,3.2854975295698,114.536609117901,295.865546442011,0
"593",0.699887780820332,3.29040624284395,114.543956466361,325.985363472265,0
"594",0.527520942751518,4.66956819962461,143.732276336582,302.872310306602,1126.0212736309
"595",0.698127489611025,3.31316815497491,114.580521664153,329.998429451403,0
"596",0.701974339898143,3.26363339086473,114.495645744582,342.466563195743,0
"597",0.705725279551432,3.21561748964164,114.39713041164,320.411992019212,0
"598",0.699121195619579,3.30033841375192,114.560090834688,334.272410138252,0
"599",0.527553966016032,4.66914993885597,143.729970834328,322.24844689408,914.190926432304
"600",0.527941112563866,4.66482548215186,143.713265095584,321.418918238106,899.495794234984
"601",0.70517015956282,3.22282891116704,114.412053070161,356.12240432718,0
"602",0.704542858545453,3.23068531381976,114.430060833865,322.0122543059,0
"603",0.702921567366053,3.25148979341479,114.472196657193,342.058349725375,0
"604",0.526751483533272,4.67808521510804,143.763979435282,321.815003144645,895.220453665275
"605",0.528121465273577,4.66296217172112,143.705220979118,327.05702210824,1124.9337784069
"606",0.70329579000768,3.24663044550936,114.463000704861,325.516167893294,0
"607",0.707749999663982,3.18876388843683,114.375265786224,311.95751284591,0
"608",0.701107596043559,3.27472758224602,114.516393601708,332.847433104139,0
"609",0.530608036150427,4.63556520344372,143.580901123099,348.369027902596,798.804241435073
"610",0.705950043222619,3.21285050111196,114.390209830457,341.887210183318,0
"611",0.526291089320877,4.68322416388489,143.783056140132,321.826718880661,890.408201654668
"612",0.530091770568391,4.64131885611443,143.60720032953,296.329646196199,1122.0208683643
"613",0.520573395653689,4.74724347879171,144.007821315244,306.884180162795,1137.54013008925
"614",0.701269082116229,3.27266605517865,114.512558063371,336.302542875652,0
"615",0.701352860869049,3.27151603514437,114.510970673561,319.727288117684,0
"616",0.528369454966959,4.66004718389837,143.694526380811,320.595201692873,885.740930936967
"617",0.697997260532224,3.31485227118023,114.583113261521,329.577153036813,0
"618",0.701990440875932,3.26338166953888,114.495487520418,331.646955648792,0
"619",0.701668374110124,3.26750940534969,114.503264265681,330.108875568442,0
"620",0.699687790334743,3.29302679415805,114.5480737856,335.27758758008,0
"621",0.696817813476735,3.33020449350447,114.605265360704,343.139153578958,0
"622",0.524317136503306,4.70549802329366,143.86102903707,329.220765456968,1131.68976027503
"623",0.708583893078947,3.17827434643335,114.349142163666,326.901600617531,0
"624",0.526170785248292,4.68454936733325,143.789998561619,280.36700872455,1128.43881438011
"625",0.705553467993532,3.21796029987061,114.401207669348,359.217753409731,0
"626",0.701477315291072,3.26995779916241,114.507829213165,328.796249499578,0
"627",0.70251840857934,3.25658627662059,114.48265885638,325.997439453069,0
"628",0.528528974916238,4.65842862626379,143.68727668233,326.827522353931,1124.19598558155
"629",0.520072994644244,4.75283361028079,144.023129834943,324.978091759043,885.68466209973
"630",0.705845137735948,3.21421288747026,114.393078771264,349.212820957825,0
"631",0.701835235457969,3.26538004399943,114.499201098627,333.135979273027,0
"632",0.527438761470409,4.6704218023214,143.734928555888,321.670234348226,899.59519180225
"633",0.527447733764008,4.67030306549839,143.734578737859,320.68917251748,877.93320569974
"634",0.52445474837791,4.70388639549746,143.855812033433,327.570999245779,1009.47583810559
"635",0.524768754710107,4.7004280504469,143.843658615915,328.961896392256,1130.90032464271
"636",0.521497535755048,4.73686597669072,143.975960245975,331.079840134225,1135.95456335531
"637",0.521582710504959,4.73590306797099,143.973053399059,331.030961685629,1135.80816256949
"638",0.701020142293335,3.27581687155035,114.518598763838,324.796621479056,0
"639",0.700810214171548,3.27865892905219,114.5226952064,359.458910899234,0
"640",0.708067444192765,3.18476359168194,114.365438718178,316.426714580953,0
"641",0.704473952449796,3.23168412690286,114.431313294945,350.951285075623,0
"642",0.699501479519252,3.29544016854148,114.552015238463,337.360185404863,0
"643",0.701800428286259,3.26577911479079,114.500282669144,322.314005050355,0
"644",0.524142529189683,4.70745971345185,143.867662119243,329.320995877183,1131.99405837676
"645",0.532360399318239,4.61622429952205,143.497529475572,320.395284711779,932.961661267403
"646",0.704048734274563,3.23699454262942,114.443344035953,322.70828794862,0
"647",0.705413801363691,3.21957065774882,114.406023195681,318.200820255153,0
"648",0.523693466777128,4.71210694009146,143.897398035426,329.825834240497,1132.14045017601
"649",0.698005539750182,3.31476445885323,114.582850896644,334.00338262775,0
"650",0.521798081967421,4.73337373336474,143.966864060236,302.931134058397,1135.44336775302
"651",0.528083246647492,4.66322807950986,143.707096761082,320.554693069395,881.775217469435
"652",0.528156088941314,4.66239945482211,143.703942474095,319.585438921413,861.713159610215
"653",0.706300324299366,3.2083927895077,114.38007835972,340.302493354289,0
"654",0.524008870426935,4.7088790839366,143.873760867421,304.857760947078,1132.23185890865
"655",0.706684267077492,3.20241724183943,114.406374309087,342.362127549019,0
"656",0.527005077853518,4.6752375602056,143.753374148611,320.796418531906,875.560235504319
"657",0.539110510046244,4.54295702069693,143.118886389267,320.187524801639,1106.35895991845
"658",0.701714742992251,3.26684313223909,114.50252071505,314.592995621121,0
"659",0.704270563861106,3.23422269317469,114.437098239657,336.638869732765,0
"660",0.531213450554721,4.62884837427309,143.553340839886,318.858982805315,884.026686340369
"661",0.702754450626106,3.25359052189543,114.476614481141,332.545231296206,0
"662",0.703119741016393,3.2489277129557,114.467286496149,335.896573889088,0
"663",0.698238498727633,3.31171584741144,114.578383883557,326.514304961943,0
"664",0.523738217641018,4.71160379289784,143.895719449669,329.800412781392,1132.06186671218
"665",0.529316101403097,4.65002756866637,143.641261728357,326.137751460466,1123.41045477635
"666",0.703431456472084,3.2448816689987,114.459565807682,322.489403335015,0
"667",0.702198395178223,3.26068429770223,114.490575354119,324.920148139306,0
"668",0.522367370020226,4.72695316896521,143.946868464168,304.333599453024,1134.45916833984
"669",0.701339217338577,3.27178661505695,114.510802334902,341.631850057201,0
"670",0.704480534221994,3.23161535349334,114.431056292502,354.995462297689,0
"671",0.527081205990856,4.67440164237517,143.750138234336,321.459278671408,890.905915531119
"672",0.526450714763785,4.68159488099336,143.776277604,328.002549253162,1127.93028454774
"673",0.525049453925447,4.69727967553787,143.832707213479,328.801271168049,1130.40793608344
"674",0.531857187767551,4.62177843784698,143.522204763975,320.744529468622,935.477490850071
"675",0.706716265705611,3.20188839810962,114.406072511384,313.970168789461,0
"676",0.525747000301829,4.68931557487773,143.80517726405,322.411166072086,897.430238793113
"677",0.524965025617393,4.69808445717633,143.836197913661,323.261589238431,907.857391388764
"678",0.529273892359533,4.65035137673105,143.643335656124,320.388371148559,896.927218269058
"679",0.701840828999896,3.26527603650087,114.499231958898,325.760134001622,0
"680",0.701627759360372,3.26815399041354,114.503600568931,361.014994273305,0
"681",0.52533738674144,4.69405240290903,143.821350726385,328.636723724223,1129.901490924
"682",0.707145804111034,3.19648227810372,114.39315369974,324.382237897405,0
"683",0.700512006312313,3.28239289629671,114.529990996819,333.080710664044,0
"684",0.526227118293388,4.68409412232902,143.785477285397,328.129650586786,1128.32782299024
"685",0.700402352631369,3.28392206787921,114.531850947436,362.695362169147,0
"686",0.704512131897926,3.23105414684716,114.431015327405,316.976612122666,0
"687",0.52611842948595,4.68521498400312,143.791121194926,300.476635627901,1128.52669849896
"688",0.528013243552674,4.6640617369056,143.711278011525,296.559543575674,1125.13584838706
"689",0.699436314760021,3.29627069833422,114.55345476447,334.824128296152,0
"690",0.523541901264495,4.71373338695493,143.903131583223,327.711323668465,993.36833884792
"691",0.527374238197073,4.67128635602438,143.737502500986,327.478985471584,1126.27959452159
"692",0.527055310365163,4.67478116493615,143.75106661852,326.270031972442,1010.19603986765
"693",0.526591219824556,4.68006635379192,143.774346297595,254.278031731285,3418.21281275821
"694",0.527094441076675,4.67440710771023,143.749381749283,327.637369260974,1126.78118005382
"695",0.704327779170173,3.23346657562445,114.435691914827,330.483301953609,0
"696",0.516111912495049,4.79756473896539,144.152131077606,328.78278321585,919.456227874495
"697",0.704312705238289,3.23362800205619,114.436257788044,323.423705901824,0
"698",0.527068456818803,4.6746349515636,143.750510882055,326.288167824484,1010.88525379135
"699",0.706089394082163,3.21099312659128,114.38662906048,321.524086772929,0
"700",0.52867116294321,4.65704492545046,143.670278150433,320.476044517356,892.183816922958
"701",0.523060679391391,4.71908400441983,143.921004769707,324.527819897888,908.93176590805
"702",0.693731809223625,3.37149304610268,114.618676570378,330.406527910047,0
"703",0.522387269550721,4.7266702341158,143.945243915756,324.710872693938,905.455482660634
"704",0.704478825897005,3.231564697316,114.431476880284,336.504035267156,0
"705",0.697401900986961,3.32260883601613,114.594441953432,339.288915581948,0
"706",0.705277391217571,3.22131047866503,114.409843108364,318.902360140722,0
"707",0.528907122917013,4.65444941947602,143.659746822638,321.808704767361,925.774539150222
"708",0.701314072108139,3.27211528518999,114.511363799835,342.985435097387,0
"709",0.524445846538958,4.70389325974448,143.856328607113,322.659210127649,888.532363006701
"710",0.702454000438634,3.25743646894317,114.484129940982,331.644273850188,0
"711",0.525437616288919,4.69296301193068,143.821206366499,255.510654324179,3200.99270350865
"712",0.708437145095079,3.18005715560351,114.354117018781,310.646979981617,0
"713",0.70523043870486,3.2219857236316,114.41075845359,336.714596886644,0
"714",0.697951486636234,3.31543391366481,114.58407245493,327.098992628763,0
"715",0.527605885521223,4.6685511434959,143.727776708712,321.162406265758,890.037239333448
"716",0.706516489479571,3.20565253260432,114.373710093544,341.547717446157,0
"717",0.52750098477007,4.67002085216946,143.736165139966,251.646372183221,11835.5669587299
"718",0.522371670658721,4.72703837767268,143.94942117286,256.781012538263,3446.00387611194
"719",0.702656833762465,3.25484876439461,114.479021601692,334.366954906476,0
"720",0.526457582945819,4.68151813333928,143.775993852054,327.998647197782,1127.91806033421
"721",0.706599037154566,3.20347162818873,114.409008241075,335.312173970004,0
"722",0.702683708170924,3.25460312644421,114.477841360897,359.496930311067,0
"723",0.527829653882231,4.66613367769673,143.718906444325,304.111676339464,1125.46530163138
"724",0.706328372491568,3.20798131991646,114.379544591495,327.06564122638,0
"725",0.52475606011557,4.70049509465974,143.845108488649,306.479717851249,1130.92730214754
"726",0.527958912731536,4.66468258858297,143.713442048098,300.851228686534,1125.2329150499
"727",0.70143988939693,3.2704308854563,114.508752528332,327.034815346087,0
"728",0.702329460003652,3.25901710862478,114.487288062217,327.972829118519,0
"729",0.525387298247796,4.69333567458886,143.819581358461,322.204723652767,888.857834655404
"730",0.701612554866588,3.26822032224981,114.504624379366,328.745126587605,0
"731",0.702863604292762,3.25224365888285,114.473602209338,344.974937387923,0
"732",0.525899726674783,4.68772474457728,143.802529158306,256.779821535675,2275.48318941556
"733",0.694662670377809,3.35938909413065,114.603876419035,341.731987934097,0
"734",0.703883704604446,3.23917671786212,114.447339069686,340.106727053623,0
"735",0.704320528434254,3.2336629901067,114.435350873199,356.623188148684,0
"736",0.710023864379639,3.16005722293044,114.302974778689,319.004911176085,0
"737",0.70592001530549,3.21325145171692,114.390975223072,346.77981231291,0
"738",0.520266774619425,4.75080337487212,144.016678494862,331.788291013775,1138.05598224084
"739",0.705718488240375,3.21575315557687,114.39706915256,331.665162325612,0
"740",0.527893886669485,4.6654958690137,143.715138259738,327.185380367947,1125.34463138286
"741",0.705355378037423,3.22040866004867,114.407181051709,340.090963297694,0
"742",0.701988594180445,3.26335220474661,114.495805352659,319.741682846762,0
"743",0.694900503461367,3.35632865657764,114.599783117362,351.599447856748,0
"744",0.525022289340626,4.69758426441456,143.833772208024,328.816806496216,1130.45564442709
"745",0.705663309610818,3.21645099038963,114.398664005882,330.704556104367,0
"746",0.524319774412786,4.70530815809416,143.861149468572,322.681719443877,887.642596942198
"747",0.704795085018793,3.22745270698816,114.423248533113,318.398474357708,0
"748",0.698340283684924,3.31043849389767,114.576135593798,335.534984058985,0
"749",0.525164211405786,4.69599315437778,143.828195899247,328.735663372829,1130.20625494219
"750",0.525062361831188,4.69706819369034,143.832244161902,327.188676577304,1007.53520217463
"751",0.704569823994178,3.2303463505973,114.42930129975,323.115877192085,0
"752",0.70430231769847,3.23373479074375,114.43667056539,317.769509376807,0
"753",0.703505307856674,3.24400950109375,114.457276950448,339.284323118219,0
"754",0.704323621618994,3.23353259004343,114.435737053725,333.532575055159,0
"755",0.528181276916434,4.66229649625864,143.702602164557,327.023310075098,1124.82565902399
"756",0.7003618190024,3.28438405493752,114.533064263821,346.824813544786,0
"757",0.526659127492669,4.67926655997701,143.767636347332,327.884198356888,1127.55899812066
"758",0.524584245020951,4.70238738714194,143.850920583384,325.091947728354,946.699785484081
"759",0.695360253856362,3.3502706649711,114.592419300702,334.842053116423,0
"760",0.523332244526082,4.71617032256373,143.910834826329,330.031228520107,1132.77351847707
"761",0.706842283406926,3.20040401477651,114.401774510091,340.801164505132,0
"762",0.702115113979199,3.26189316396562,114.491886759745,359.648047228715,0
"763",0.524284758354507,4.70580118089717,143.862295413466,327.971302731485,1018.15152284873
"764",0.706794465151147,3.20098826062403,114.403298575235,335.119329665474,0
"765",0.700865866038316,3.27772315245272,114.522548097431,308.312492038051,0
"766",0.705833280009539,3.21430686478502,114.393713286377,334.925905418948,0
"767",0.704713247959076,3.22861281387311,114.42489087319,345.915990932986,0
"768",0.695788439909279,3.34465388529231,114.585230508102,324.645684964222,0
"769",0.705327391252102,3.22070410601948,114.408282934191,325.634524247241,0
"770",0.529574174231513,4.64716058432072,143.629677080935,325.988149936399,1122.95338874742
"771",0.701193462518862,3.27363181749871,114.514355391413,334.793989497621,0
"772",0.52534717878232,4.69385304075129,143.819947054744,354.758676927834,851.780651518575
"773",0.693291971768032,3.37738791386974,114.624457098945,365.365971898844,0
"774",0.524598979840671,4.70233332522164,143.850224750727,329.059148487263,1131.19749506975
"775",0.701961492176514,3.2637485901802,114.496211891663,330.589727423843,0
"776",0.522547161871656,4.72484346139855,143.939600463618,323.400633910457,878.394409043995
"777",0.701992396600816,3.2633650642428,114.495396511354,333.631160101347,0
"778",0.699229646255579,3.29884064916338,114.558318156563,313.169226694594,0
"779",0.526309962533111,4.68300514872235,143.782295396653,321.397230081807,881.173504405842
"780",0.525150020479516,4.69607557338867,143.82972796643,305.901791846372,1130.23602466687
"781",0.520005194898117,4.75377127267148,144.025020561283,331.939383133742,1138.49920675391
"782",0.523211682138859,4.71738212310976,143.915478035222,324.35438851388,906.69998382813
"783",0.700121904335637,3.28738731520817,114.538834213665,325.913597883291,0
"784",0.522588319153066,4.72438593061927,143.938116545903,323.716264668207,885.645080214234
"785",0.703742324762218,3.24092640895292,114.451357639498,326.688401721241,0
"786",0.703724625677603,3.24120833789666,114.451535003816,339.866340186483,0
"787",0.700729786692648,3.27964446671423,114.524782257161,346.491305999951,0
"788",0.701357171269574,3.27148178729834,114.510760974164,324.344979023876,0
"789",0.526754015172754,4.67831572426768,143.762300841866,366.868220859241,1127.38288966665
"790",0.525511624217179,4.69210057130749,143.814418320087,328.537257512121,1129.59435317833
"791",0.701092166324764,3.27492259472479,114.516768748597,332.055667468775,0
"792",0.702784947465783,3.25324395692364,114.475621041518,343.202800507892,0
"793",0.706984274037439,3.19852158261149,114.398000605092,321.929325839006,0
"794",0.710410941234337,3.15524111247429,114.289800175671,333.320257108874,0
"795",0.523355312690212,4.71581706373717,143.911170119312,302.518803754746,1132.73898470249
"796",0.523519928603849,4.71399180943867,143.904725167926,309.828521121638,1132.44902180784
"797",0.703951970536624,3.2383286937124,114.445407812578,346.127224747556,0
"798",0.524611046073898,4.70219788746958,143.8497595183,329.05223406737,1131.17639053182
"799",0.696831190696166,3.3299519057479,114.605421253515,324.994481074176,0
"800",0.702986127040404,3.25058441451171,114.470965498032,323.550421928836,0
"801",0.524429952333229,4.70413076148019,143.857991965627,299.916460002205,1131.49918203663
"802",0.696017886734194,3.34172601844921,114.58088174467,337.005325431869,0
"803",0.699511601378539,3.2953052719141,114.551821362009,336.356846993585,0
"804",0.702716693539161,3.2540556773079,114.477657387412,328.267493708683,0
"805",0.696518173525472,3.3341196462675,114.610583849618,348.684723107571,0
"806",0.697056124095525,3.32703445705415,114.601253796294,325.566089326692,0
"807",0.512182854648214,4.84237122708456,144.257556025251,335.092982298024,1018.40248461482
"808",0.703465525542207,3.24448542085789,114.45847918477,331.447635060068,0
"809",0.705540804764493,3.2179498432979,114.402455098634,317.232229952032,0
"810",0.701300386686704,3.27222909814292,114.512002910195,328.267337824837,0
"811",0.523731246409302,4.71168216883565,143.895981139266,329.804372551286,1132.07411057709
"812",0.701388016554242,3.27113483429553,114.509782357934,335.681423619203,0
"813",0.702235896271763,3.26022922731945,114.489523706026,330.80255456602,0
"814",0.699294373499887,3.29807725348132,114.55658784165,328.76732347056,0
"815",0.703616706485522,3.24255360764484,114.454537082529,331.691577114073,0
"816",0.526529519938902,4.6807143580805,143.773017676062,327.957784782622,1127.78997773106
"817",0.699730435215107,3.29247811712834,114.54714755838,335.642800146147,0
"818",0.694744665428161,3.35831285330405,114.602579222385,340.050820647197,0
"819",0.706821100877058,3.20069748948001,114.402270264006,347.05265929754,0
"820",0.523856855589231,4.71017429968665,143.892469695683,301.632099748503,1131.85933560052
"821",0.524877408756768,4.69906304442718,143.839625863157,323.097316623152,903.121906940114
"822",0.524521844652578,4.70319922577485,143.853193621347,329.103359064037,1131.33235126244
"823",0.703599430890052,3.24265634400128,114.455596981148,306.17571254698,0
"824",0.707235605335668,3.19535335758366,114.390423009291,326.796184312953,0
"825",0.694970245199465,3.35539178017178,114.598771420293,344.656060759703,0
"826",0.533028025339463,4.60891081585083,143.46779385052,254.264992348142,1934.49116325505
"827",0.698431413464932,3.30930967382343,114.574037768194,347.666571514828,0
"828",0.703048343663242,3.24985230005666,114.469052196199,338.496766880545,0
"829",0.701362995413846,3.2713911397642,114.510705223304,320.882350771826,0
"830",0.526089599485297,4.68556152550642,143.791991505231,307.110971931967,1128.57632995982
"831",0.702751438137298,3.25362138288508,114.476729914756,330.744314632682,0
"832",0.709034298203021,3.17264197642731,114.334575915241,341.867468660919,0
"833",0.525668396092953,4.69020380973569,143.808322766366,322.890555066052,907.409990914945
"834",0.529995986797657,4.64248142764908,143.61034774728,325.749271774699,1122.18856788104
"835",0.70180900343137,3.26576272145318,114.499595617654,344.251363560087,0
"836",0.704278736886418,3.23409214382128,114.437013918161,330.410102731026,0
"837",0.703249595792935,3.24721496962588,114.464222363387,324.073014415464,0
"838",0.527737704137176,4.6671116891055,143.720944302153,351.12091955597,813.557394449408
"839",0.704881200483201,3.22639911189032,114.42064926585,328.244504744546,0
"840",0.707551967041188,3.19130011949819,114.381134844686,317.586060275841,0
"841",0.522652416862465,4.72382765701519,143.935577495216,330.418731127877,1133.95893590527
"842",0.701683136698582,3.26743822987849,114.502304067449,359.767708527013,0
"843",0.7033231434423,3.24626140115504,114.462394389892,321.262874628276,0
"844",0.702323485462248,3.2589679599643,114.488081528837,301.66008069527,0
"845",0.706686200555398,3.20347573534771,114.368809972878,335.977856038271,0
"846",0.523072070312767,4.71909928929286,143.920388413726,330.179382141853,1133.22811689228
"847",0.706464372061351,3.20631222264221,114.37525482155,341.030674783142,0
"848",0.523944892085083,4.70958063374747,143.876391487528,300.122204331707,1132.34419853148
"849",0.51550914775573,4.80462382193807,144.16700048618,334.792976983455,1145.3618302146
"850",0.52249643204125,4.72550980109981,143.942126134654,307.658792569057,1134.23458744714
"851",0.528861259594892,4.65501709371783,143.661690015064,324.915653436999,1005.17712095603
"852",0.704843445928699,3.22691603274249,114.421505444576,336.694331293199,0
"853",0.707699360157613,3.18952606866454,114.376180321406,339.632984459243,0
"854",0.702493099378052,3.2570540117554,114.48254996143,361.794134504273,0
"855",0.699403122789849,3.29674756846191,114.553911218564,346.523513475323,0
"856",0.709384056642815,3.16816218292676,114.323680447083,326.651839737938,0
"857",0.702901543126492,3.25176329737215,114.472615325494,346.357248851739,0
"858",0.704469237435976,3.23167159620387,114.431816575578,332.814257265396,0
"859",0.52672393385258,4.67862917173756,143.768901927188,253.319539459593,4880.57152999382
"860",0.702829918446196,3.25245681899397,114.475575096964,297.495199920293,0
"861",0.524317584378553,4.70531665417395,143.863251926126,281.035943332538,1131.70007231115
"862",0.52655867850215,4.68038859943407,143.771809159989,327.94122573417,1127.73803706992
"863",0.698895667870699,3.30330368427954,114.564518034745,346.58521739392,0
"864",0.701099136005207,3.27477890904843,114.516884385635,319.975181327735,0
"865",0.707315141322234,3.19432918234445,114.388123876583,323.324970616997,0
"866",0.526899212849871,4.67647778038038,143.756619162507,352.6280478777,830.417919228491
"867",0.52354589675835,4.71366376887156,143.904213954156,299.983417257935,1132.40573808504
"868",0.707621199838721,3.19053008223896,114.378481945511,342.999289438727,0
"869",0.702638246710938,3.25507416375686,114.479551797812,331.376464911593,0
"870",0.526154482858266,4.68483602512183,143.788498068249,326.372269184008,1000.43987694204
"871",0.704866877271611,3.22664736283696,114.42070469528,344.128971602864,0
"872",0.524933696693194,4.69857776907927,143.837237804431,328.867485908939,1130.61115132345
"873",0.522123175667828,4.72979791960236,143.954342609076,330.721254903134,1134.87629911899
"874",0.699836975708378,3.29111760676293,114.544772881663,338.948053033408,0
"875",0.525398126133329,4.69321878384445,143.819142808251,322.428469821624,893.936480178307
"876",0.711577385497474,3.14060287994395,114.249877968897,341.910999846222,0
"877",0.70258926380464,3.25567543098634,114.480909948192,325.358253940622,0
"878",0.7044835505261,3.23152139946197,114.431261034008,340.661200895487,0
"879",0.525405079356086,4.69329400319132,143.81866281815,328.598070763512,1129.78222559283
"880",0.522515919988557,4.72536668681908,143.940458998246,330.496683513266,1134.19599336045
"881",0.524692826395639,4.70113547461784,143.846790701203,323.282178935292,905.218297010427
"882",0.524687995600174,4.70116400895379,143.847025821467,321.948181218119,875.717375386372
"883",0.703535188122238,3.24353354314256,114.456983654988,317.749325475315,0
"884",0.522493129438072,4.72547830571767,143.941477289437,324.759200604467,907.747745392653
"885",0.529622697610354,4.64662208552333,143.627466252925,325.960646715914,1122.8655521876
"886",0.697820232648691,3.31721551067885,114.586230967772,346.253433602707,0
"887",0.528755371554746,4.65608455781662,143.668573519574,278.878179475135,1124.43164239487
"888",0.527490073557643,4.66989777593218,143.733782960871,298.962339894714,1126.07765919419
"889",0.698389004541394,3.30985333455532,114.574921543256,346.434484074216,0
"890",0.698271403705792,3.31137498844604,114.577290623225,346.464942436498,0
"891",0.52644833292074,4.68146186432719,143.776587647505,321.483950798153,884.560869186042
"892",0.704516976828018,3.23104916269894,114.430590266997,329.661484837305,0
"893",0.524012551046887,4.70883343065081,143.871551369267,355.759479232023,856.478883676456
"894",0.700906509593406,3.27711648383378,114.522045279306,292.444498248381,0
"895",0.521554201406508,4.73622534274565,143.974027633085,331.047319778412,1135.85717878375
"896",0.527011788661953,4.67523010857877,143.754127508553,298.684676793116,1126.93533133233
"897",0.705398361406287,3.21992697476556,114.405631597649,357.163757500333,0
"898",0.704125704349113,3.23610801135419,114.440794178567,345.605778237181,0
"899",0.704741466482486,3.22816931043849,114.424550030515,325.736170347206,0
"900",0.526096463726027,4.68547548274179,143.791829201697,304.527978623063,1128.56473604232
"901",0.52440316358708,4.70437574205461,143.857956847091,322.849188242647,892.252183541853
"902",0.70620732515408,3.20957021889307,114.38281164388,339.294766898111,0
"903",0.70489296884581,3.22627482484359,114.420191659993,334.279543455493,0
"904",0.521893693564713,4.73238914880991,143.962343183481,330.852663786283,1135.27257717083
"905",0.702534750592142,3.2563634276925,114.482321624337,323.00684317194,0
"906",0.524276142336508,4.70595851167713,143.862590502436,329.244290216773,1131.76124919779
"907",0.700423323596748,3.2835597768202,114.531853855198,338.936207767193,0
"908",0.52962694624008,4.64642841293064,143.627442612591,320.099604501849,894.414371309267
"909",0.705071364146461,3.22397577528872,114.41538320775,328.178076720758,0
"910",0.526655890637254,4.67915479599585,143.767960460638,321.975743014767,897.771307231889
"911",0.523841460761438,4.71036442585851,143.892833660958,306.294444109447,1131.88534074275
"912",0.520329792534301,4.74998537638626,144.015964963118,301.702441838556,1137.95547332759
"913",0.526037474020486,4.68614228502056,143.796834790492,258.026111499878,1908.4209291385
"914",0.702198064402876,3.2608380419922,114.489814964751,362.107651018127,0
"915",0.528162962491518,4.66250031728136,143.703404596616,327.033631749495,1124.8587715458
"916",0.696995636228331,3.32781579035731,114.602396068345,324.746331287809,0
"917",0.702399098392628,3.25813539835891,114.485513176562,330.518984146443,0
"918",0.528396575191167,4.65978157662507,143.693265364422,322.471672181352,929.326843624347
"919",0.530038932174863,4.64199112333181,143.612150700174,253.981911450698,2471.30661964684
"920",0.522907249368608,4.72081318533012,143.926585643364,324.666679522507,910.352194981894
"921",0.702917439994764,3.25151419241958,114.472447594159,335.140947912189,0
"922",0.695595710370862,3.3471821279617,114.588489868998,329.345587174971,0
"923",0.527042855857771,4.67498269609594,143.751559421652,327.666592585339,1126.87351530759
"924",0.701160279382272,3.27399904398083,114.515432313399,321.345714672512,0
"925",0.522615587516628,4.72409777946308,143.937102476299,324.705063873142,907.908909126949
"926",0.705118492706033,3.22338128539538,114.414041045717,329.53394292244,0
"927",0.702861546070932,3.25222313103208,114.473895513532,333.535203921193,0
"928",0.525446511760271,4.69282987330714,143.817014261543,328.574418563602,1129.7091895742
"929",0.69685250131957,3.32971120898119,114.604847168497,333.038919119005,0
"930",0.701193896947486,3.27373310003586,114.513797081579,362.055722524261,0
"931",0.700380104072407,3.28409663799982,114.532921721924,334.220330242117,0
"932",0.518820785636196,4.76660842543665,144.076723875633,326.123369876592,890.831282631262
"933",0.706163445770223,3.21008146002428,114.384327939572,328.19321884347,0
"934",0.52494460643861,4.69836813449318,143.837919849399,303.10280577515,1130.59749534839
"935",0.705121170429878,3.22335906448833,114.413904952252,332.323313373684,0
"936",0.705103018363766,3.22362710780343,114.414220148097,341.271566834422,0
"937",0.702343141907098,3.25897629855437,114.486258834425,361.762003660856,0
"938",0.706990655318321,3.19841935588025,114.397921899864,317.245187724087,0
"939",0.700406220226204,3.28371352279494,114.532577256357,323.62860596948,0
"940",0.70418597105293,3.23528336768824,114.439467021884,332.081564878742,0
"941",0.706880181394219,3.19997873055088,114.400369284467,355.4493229848,0
"942",0.523559300389422,4.71352388712948,143.903576613175,302.885151678196,1132.38156105821
"943",0.522913460441781,4.72076783948031,143.926311996612,325.955767773158,940.713276096505
"944",0.706247595854568,3.20913042079357,114.381265854582,358.099205204451,0
"945",0.529733448437048,4.64528988333441,143.623718626036,295.827380010406,1122.67147164269
"946",0.704424073210861,3.23223644218626,114.433098651037,330.150143704786,0
"947",0.525760930692379,4.68930923836938,143.804420414602,328.395076996362,1129.15400864291
"948",0.701655963583707,3.26763544239846,114.503731331105,322.621436751204,0
"949",0.704357113641464,3.23315115932956,114.434596560306,344.819834228695,0
"950",0.524248659401691,4.70616766183364,143.86490108464,300.193549534022,1131.81542565274
"951",0.705064534931523,3.22411939107733,114.415280303313,341.782439075192,0
"952",0.705187079255827,3.22261680589347,114.411562934658,357.046661051476,0
"953",0.705640314667516,3.21678107775258,114.399124388056,339.767243904143,0
"954",0.526169946183755,4.68465313605595,143.788835624991,304.322086505963,1128.43437652909
"955",0.522643725821969,4.72385696401903,143.936760282297,309.806266921925,1133.97831601088
"956",0.525039855062174,4.69732661506443,143.833115745981,327.52739604308,1016.60060808642
"957",0.704560883096257,3.23056606806895,114.42899877171,348.554572732807,0
"958",0.702260459185916,3.25987188509086,114.489138772063,321.287134669588,0
"959",0.69958199998052,3.29429686022639,114.550828733122,314.332419451122,0
"960",0.706654215774941,3.20270606533631,114.407733485868,320.359484609373,0
"961",0.705061922303198,3.22408946363191,114.415679823749,326.66397019863,0
"962",0.706858216441242,3.20012416715219,114.401707607465,322.40226619417,0
"963",0.52998188234968,4.6427870220795,143.615126679954,250.272887877472,12749.1071796033
"964",0.525395353725561,4.69330470412414,143.820296529766,299.886026427108,1129.80553970755
"965",0.528092149131831,4.6632291327974,143.706528006324,325.851581578274,1013.12998169179
"966",0.706026539204542,3.21180311019918,114.388390566694,324.016982866318,0
"967",0.526727602511779,4.67850183179137,143.764783291167,327.84533873017,1127.43685378669
"968",0.70330116262817,3.24658963180248,114.462718514077,331.924374327437,0
"969",0.527135536114658,4.67387364762252,143.748594488679,305.226511502038,1126.71229358996
"970",0.707133969592851,3.1967934795909,114.392670602483,365.703110004712,0
"971",0.703937736225638,3.23851231448129,114.445775823739,346.588362051429,0
"972",0.699228241000063,3.29898467981441,114.557704760637,341.221450251269,0
"973",0.528505657556666,4.65868791544787,143.688309863344,326.840642277123,1124.23827424169
"974",0.522608789621122,4.72423824902688,143.938171663323,306.323803296446,1134.03979980517
"975",0.704503153497213,3.23126325555853,114.43077068182,338.670113704822,0
"976",0.527013759919023,4.67521670463005,143.753935503617,300.989462705991,1126.93126542636
"977",0.699504645469652,3.29538760114785,114.552007624589,334.602729391757,0
"978",0.700289195832687,3.28534806898902,114.53453600609,354.12538603961,0
"979",0.524303071907882,4.70565600597653,143.861565043816,329.228836011325,1131.71429043023
"980",0.7019798898966,3.26355781779498,114.4955337182,341.392126544957,0
"981",0.527064549523735,4.67456374106085,143.752886381817,279.327182304891,1126.84578801329
"982",0.701966485103797,3.26368817425254,114.496072279968,331.436124238976,0
"983",0.523278753633998,4.71664889024984,143.911873321924,354.219829701647,820.45096748463
"984",0.700786861700397,3.2788878397701,114.523595274509,341.017139564871,0
"985",0.519747632158816,4.75662797244498,144.033183667473,330.465843722008,1015.11472500987
"986",0.699641652686014,3.29366896802852,114.54882551723,346.646918533491,0
"987",0.701966332946121,3.2637495472931,114.495770688915,345.818998841779,0
"988",0.7008447266424,3.2781387229259,114.522296317829,339.924276397168,0
"989",0.524369188443636,4.70481498370093,143.860292714295,300.439571433361,1131.60513717126
"990",0.708313283322708,3.18170133233359,114.357574851978,327.666479410276,0
"991",0.704201374551904,3.23507218238434,114.439129380784,328.692283983127,0
"992",0.697595460143217,3.32001436949922,114.591169903181,320.157981787443,0
"993",0.702505836316158,3.25686772512682,114.482352285222,355.520583169468,0
"994",0.701862167981767,3.26502472290723,114.498602338374,330.902000710818,0
"995",0.519091976749447,4.76398386585758,144.053417396671,325.632796311978,889.023600025617
"996",0.703474122287548,3.24449065923129,114.457662410869,360.731243365644,0
"997",0.700371895027266,3.28422406111891,114.532994014961,339.374586166613,0
"998",0.70677999337707,3.20121935012438,114.403478125891,346.994940235782,0
"999",0.526574726921051,4.68011222503449,143.772374739984,299.516630472197,1127.71553789798
"1000",0.525214350692358,4.69534605667844,143.826296040622,326.119780254615,980.919292683646
